Country Name,Year,Male Values
World,2020,9.13447039
World,2019,9.02414373
World,2018,9.397937647
World,2017,9.637403925
World,2016,9.672854834
World,2015,9.623085264
World,2014,9.791319396
World,2013,9.754750957
World,2012,9.855921162
World,2011,9.775323081
World,2010,9.674480651
World,2009,9.671295333
World,2008,9.716300732
World,2007,9.66226995
World,2006,9.968702892
World,2005,10.1140954
World,2004,10.41533366
World,2003,10.84311643
World,2002,11.12332651
World,2001,11.14995152
World,2000,11.01105498
World,1999,10.76596007
World,1998,10.94720325
World,1997,11.01438519
World,1996,11.23830824
World,1995,11.59945735
World,1994,11.82427629
World,1993,11.84138814
World,1992,11.51479097
World,1991,11.18933995
World,1990,10.89543506
Afghanistan,2018,12.15626027
Afghanistan,2017,12.28287499
Afghanistan,2016,12.19002986
Afghanistan,2015,18.51164351
Albania,2021,3.786935773
Albania,2020,3.626809656
Albania,2019,3.614410516
Albania,2018,3.538695637
Albania,2017,3.118126048
Albania,2016,4.291655361
Albania,2015,3.320002601
Albania,2014,8.432801802
Albania,2013,7.181777345
Albania,2012,9.032174882
Albania,2011,8.528816912
Albania,2010,7.401812896
Albania,2009,5.320407925
Albania,2008,5.018099063
Albania,2007,5.45583869
Albania,2006,4.812740929
Albania,2005,8.817132019
Albania,2004,7.362262423
Albania,2003,9.448925625
Albania,2002,11.4305494
Albania,2001,11.58067218
Albania,2000,7.479756325
Albania,1999,29.33006243
Albania,1998,35.66499182
Albania,1997,71.3847217
Albania,1996,14.93487873
Albania,1995,14.16497761
Albania,1994,6.043040955
Albania,1993,10.51988996
Albania,1992,6.943820897
Algeria,2021,2.378069065
Algeria,2020,2.403661572
Algeria,2019,1.990172958
Algeria,2018,2.256279349
Algeria,2017,2.232684618
Algeria,2016,2.271808124
Algeria,2015,2.35705901
Algeria,2014,2.487979027
Algeria,2013,0.877596233
Algeria,2012,1.026532415
American Samoa,2019,0
American Samoa,2018,49.72238336
American Samoa,2017,24.29100625
American Samoa,2016,0
Andorra,2020,5.048528985
Andorra,2015,0
Andorra,2014,0
Andorra,2013,0
Andorra,2012,0
Andorra,2011,2.803279837
Andorra,2010,0
Andorra,2009,0
Andorra,2008,0
Andorra,2007,0
Antigua and Barbuda,2021,24.71299229
Antigua and Barbuda,2020,18.08502221
Antigua and Barbuda,2019,4.549487045
Antigua and Barbuda,2018,20.58766341
Antigua and Barbuda,2017,41.41691881
Antigua and Barbuda,2016,16.21252302
Antigua and Barbuda,2015,9.334235643
Antigua and Barbuda,2008,27.94183019
Antigua and Barbuda,2002,10.33029393
Antigua and Barbuda,2001,17.36522954
Antigua and Barbuda,1997,2.964280421
Antigua and Barbuda,1996,6.029362998
Antigua and Barbuda,1995,15.32848953
Antigua and Barbuda,1994,12.46164151
Antigua and Barbuda,1993,12.64942129
Antigua and Barbuda,1992,3.208007186
Antigua and Barbuda,1991,3.255473264
Antigua and Barbuda,1990,0
Argentina,2021,7.96347331
Argentina,2020,9.167151915
Argentina,2019,8.554003296
Argentina,2018,9.041722501
Argentina,2017,8.754652514
Argentina,2015,11.44735684
Armenia,2021,3.74055361
Armenia,2020,2.84469843
Armenia,2019,4.942077673
Armenia,2018,3.035032446
Armenia,2017,4.555901881
Armenia,2016,5.28992021
Armenia,2015,4.112311805
Armenia,2014,3.935969348
Armenia,2013,3.310281735
Armenia,2012,3.438267771
Armenia,2011,3.858791961
Armenia,2010,3.384666211
Armenia,2009,5.251451534
Armenia,2008,5.105582889
Armenia,2007,4.581270121
Armenia,2006,3.756426235
Armenia,2005,3.300247764
Armenia,2004,4.248089839
Armenia,2003,4.49998616
Armenia,2002,3.382891444
Armenia,2001,4.713851893
Armenia,2000,4.353943315
Armenia,1999,4.662622305
Armenia,1998,5.047493659
Armenia,1997,5.047377424
Armenia,1996,5.804780141
Armenia,1995,6.127271999
Armenia,1994,8.22370823
Armenia,1993,12.90943085
Armenia,1991,8.926263204
Armenia,1990,9.02773728
Aruba,2014,4.065784391
Aruba,2013,10.21930631
Aruba,2012,6.168777759
Aruba,2011,4.14014387
Aruba,2010,8.358146581
Aruba,2009,6.343500555
Aruba,2008,8.560910881
Aruba,2007,6.500471284
Aruba,2006,8.773661468
Aruba,2005,11.09410016
Aruba,2004,4.478029667
Aruba,2003,6.767884134
Aruba,2002,9.101354964
Aruba,2001,4.59638035
Aruba,1999,2.391400524
Aruba,1995,16.07480141
Aruba,1990,0
Australia,2021,1.09576279
Australia,2020,1.177559438
Australia,2019,1.240170161
Australia,2018,1.089575582
Australia,2017,1.180448187
Australia,2016,1.224220427
Australia,2015,1.276442057
Australia,2014,1.277262427
Australia,2013,1.313455504
Australia,2012,1.414573466
Australia,2011,1.419905001
Australia,2010,1.249853462
Australia,2009,1.732866295
Australia,2008,1.513684918
Australia,2007,1.638638594
Australia,2006,1.850559302
Australia,2005,1.643829858
Australia,2004,1.723523149
Australia,2003,2.103446568
Australia,2002,2.533532672
Australia,2001,2.418295289
Australia,2000,2.394177626
Australia,1999,2.801046454
Australia,1998,2.463203476
Australia,1997,2.648180328
Australia,1996,2.662370814
Australia,1995,2.413969591
Australia,1994,2.314011421
Australia,1993,2.443378443
Australia,1992,2.11517532
Australia,1991,2.288495264
Australia,1990,2.775979893
Austria,2021,0.569332063
Austria,2020,0.638853495
Austria,2019,0.847079681
Austria,2018,0.966005241
Austria,2017,0.762920139
Austria,2016,0.535822033
Austria,2015,0.637332306
Austria,2014,0.478723894
Austria,2013,0.773062913
Austria,2012,1.0460391
Austria,2011,1.027315085
Austria,2010,0.687565127
Austria,2009,0.562909238
Austria,2008,0.716140094
Austria,2007,0.514617545
Austria,2006,0.792330818
Austria,2005,0.745667141
Austria,2004,0.682447597
Austria,2003,0.674916635
Austria,2002,0.697403252
Austria,2001,0.723901867
Austria,2000,0.733729623
Austria,1999,0.731141368
Austria,1998,1.120350228
Austria,1997,0.746155409
Austria,1996,1.262165616
Austria,1995,1.041523162
Austria,1994,0.929898415
Austria,1993,1.18955007
Austria,1992,1.439214764
Austria,1991,1.509695967
Austria,1990,1.336609016
Azerbaijan,2021,2.515116242
Azerbaijan,2020,2.973798472
Azerbaijan,2019,2.138150031
Azerbaijan,2018,2.635572239
Azerbaijan,2017,2.134609911
Azerbaijan,2016,1.993388662
Azerbaijan,2015,2.861559894
Azerbaijan,2014,3.108416455
Azerbaijan,2013,3.19499803
Azerbaijan,2012,3.091392179
Azerbaijan,2011,2.962225633
Azerbaijan,2010,3.181321402
"Bahamas, The",2021,57.94054685
"Bahamas, The",2020,31.87562337
"Bahamas, The",2019,45.93868476
"Bahamas, The",2018,45.67726933
"Bahamas, The",2017,60.57725951
"Bahamas, The",2016,54.66764438
"Bahamas, The",2015,68.83624387
"Bahamas, The",2014,59.26020837
"Bahamas, The",2013,54.89567131
"Bahamas, The",2012,54.27364228
"Bahamas, The",2011,60.83758557
"Bahamas, The",2010,44.8908902
"Bahamas, The",2009,43.22103349
"Bahamas, The",2008,37.53732404
"Bahamas, The",2007,40.32815597
"Bahamas, The",2006,32.6792618
"Bahamas, The",2005,26.00841727
"Bahamas, The",2004,25.14307608
"Bahamas, The",2003,26.67078852
"Bahamas, The",2002,24.40308555
"Bahamas, The",2001,23.50836212
"Bahamas, The",2000,36.22614486
"Bahamas, The",1997,25.76350641
"Bahamas, The",1996,29.12321502
"Bahamas, The",1995,22.68360678
"Bahamas, The",1994,32.17313701
"Bahamas, The",1993,20.49093453
Bahrain,2021,0
Bahrain,2020,0
Bahrain,2019,0.321402343
Bahrain,2018,0.53648414
Bahrain,2017,0.548127214
Bahrain,2016,0.342065311
Bahrain,2015,0.35642174
Bahrain,2014,1.110146243
Bahrain,2013,1.270223547
Bahrain,2012,1.045173032
Bahrain,2011,1.459255594
Bahrain,2010,0.132626083
Barbados,2021,19.28304168
Barbados,2020,28.24690771
Barbados,2019,32.03635754
Barbados,2018,17.9189392
Barbados,2017,20.95110536
Barbados,2016,14.99986875
Barbados,2015,21.05112793
Barbados,2014,16.58262292
Barbados,2013,12.84924435
Barbados,2012,15.1612781
Barbados,2011,19.01155142
Barbados,2010,17.55169164
Barbados,2009,12.25180523
Barbados,2008,14.60375778
Barbados,2007,14.66100289
Barbados,2006,25.91377176
Barbados,2005,15.40201297
Barbados,2004,16.44302748
Barbados,2003,17.18219768
Barbados,2002,13.71371254
Barbados,2001,16.14995245
Barbados,2000,11.82405802
Barbados,1995,9.527855081
Barbados,1994,11.13528174
Barbados,1993,12.75408529
Barbados,1992,14.385212
Barbados,1991,9.616887254
Barbados,1990,18.47456334
Belarus,2019,3.088843188
Belarus,2018,3.169410104
Belarus,2017,3.253601163
Belarus,2016,4.478477407
Belarus,2015,4.682525861
Belarus,2014,4.997907684
Belarus,2013,5.132511975
Belarus,2012,4.773035472
Belarus,2011,5.698049453
Belarus,2010,5.878109742
Belarus,2009,6.388665402
Belarus,2008,8.127698702
Belarus,2007,9.375188366
Belgium,2021,1.987847971
Belgium,2019,1.602710024
Belgium,2018,2.073361924
Belgium,2017,1.890449015
Belgium,2016,1.9210754
Belgium,2015,2.277757938
Belgium,2014,2.347790277
Belgium,2013,1.948225405
Belgium,2012,2.359375853
Belgium,2011,2.263949021
Belgium,2010,2.241589857
Belgium,2009,2.131866029
Belgium,2008,2.505304125
Belgium,2007,2.370200759
Belgium,2006,2.571283925
Belgium,2005,2.502499873
Belgium,2004,2.766264408
Belgium,2003,2.667803416
Belgium,2002,3.689782562
Belgium,2001,3.554054101
Belgium,2000,2.563481528
Belize,2021,56.65145194
Belize,2020,45.77234546
Belize,2019,59.71093782
Belize,2018,64.46280132
Belize,2017,69.46377676
Belize,2016,66.5591619
Belize,2015,60.78506677
Belize,2014,62.69008226
Belize,2013,51.42502203
Belize,2012,77.48224119
Belize,2011,67.82555509
Belize,2010,70.00911747
Belize,2009,55.96291185
Belize,2004,47.45703313
Bermuda,2019,0
Bermuda,2017,16.28478838
Bermuda,2016,26.10454872
Bermuda,2015,13.02740641
Bermuda,2014,9.739469199
Bermuda,2013,16.1922342
Bermuda,2012,19.41056582
Bermuda,2011,19.41904685
Bermuda,2010,22.68529021
Bermuda,2009,16.22823388
Bermuda,2005,6.523689146
Bermuda,2004,0
Bermuda,1996,10.2383837
Bermuda,1992,0
Bermuda,1991,10.52299274
Bermuda,1990,3.527772388
Bhutan,2020,3.41957585
Bhutan,2019,1.473828491
Bhutan,2018,1.729977671
Bhutan,2017,2.239700179
Bhutan,2016,1.254281805
Bhutan,2015,2.530454014
Bolivia,2021,3.763278555
Bolivia,2020,3.905027397
Bolivia,2019,4.834024365
Bolivia,2018,5.760605193
Bolivia,2017,8.367349974
Bolivia,2016,7.009529164
Bolivia,2015,5.987156116
Bolivia,2008,13.86570453
Bosnia and Herzegovina,2021,1.552633499
Bosnia and Herzegovina,2020,2.327212866
Bosnia and Herzegovina,2019,1.936455222
Bosnia and Herzegovina,2018,1.856024581
Bosnia and Herzegovina,2017,1.895708767
Bosnia and Herzegovina,2016,1.758428293
Bosnia and Herzegovina,2015,2.260977699
Bosnia and Herzegovina,2014,2.23466184
Bosnia and Herzegovina,2013,1.812365258
Bosnia and Herzegovina,2012,2.1757219
Bosnia and Herzegovina,2011,1.916592627
Bosnia and Herzegovina,2010,2.474099273
Bosnia and Herzegovina,2009,2.96012109
Bosnia and Herzegovina,2002,3.172619803
Bosnia and Herzegovina,2001,2.589812752
Bosnia and Herzegovina,2000,3.875067814
Bosnia and Herzegovina,1990,2.559047783
Brazil,2020,41.7830669
Brazil,2019,38.67468144
Brazil,2018,49.66791512
Brazil,2017,57.27962543
Brazil,2016,55.469658
Brazil,2015,52.93306968
Brazil,2014,54.68473181
Brazil,2013,52.31019808
Brazil,2012,52.36235562
Brazil,2011,48.78372574
Brazil,2010,49.35292553
Brazil,2009,49.12761147
Brazil,2008,48.434802
Brazil,2007,46.62764714
Brazil,2006,48.34971499
Brazil,2005,47.33116049
Brazil,2004,48.77683849
Brazil,2003,52.15093747
Brazil,2002,51.27118055
Brazil,2001,49.92677474
Brazil,2000,47.7478567
Brazil,1999,45.7470928
Brazil,1998,45.28786002
Brazil,1997,44.1195815
Brazil,1996,42.69487875
Brazil,1995,38.13797124
Brazil,1994,34.0931657
Brazil,1993,32.54325497
Brazil,1992,30.68950067
Brazil,1991,33.65520622
Brazil,1990,35.94277597
British Virgin Islands,2006,8.242324335
British Virgin Islands,2004,26.22606871
British Virgin Islands,2003,8.982708287
British Virgin Islands,2002,9.216165154
British Virgin Islands,2001,9.444654326
British Virgin Islands,1999,0
British Virgin Islands,1996,21.486893
British Virgin Islands,1995,22.03613927
British Virgin Islands,1994,0
British Virgin Islands,1993,0
British Virgin Islands,1992,0
British Virgin Islands,1990,0
Brunei Darussalam,2000,1.136903019
Brunei Darussalam,1999,1.159225406
Brunei Darussalam,1998,2.364988707
Brunei Darussalam,1997,3.620936253
Brunei Darussalam,1996,3.698304636
Bulgaria,2021,1.796754971
Bulgaria,2020,1.270205874
Bulgaria,2019,1.753916972
Bulgaria,2018,1.564631675
Bulgaria,2017,1.952927273
Bulgaria,2016,1.622815534
Bulgaria,2015,2.738214808
Bulgaria,2014,2.407642754
Bulgaria,2013,2.083568892
Bulgaria,2012,2.868341208
Bulgaria,2011,2.684760491
Bulgaria,2010,3.295536795
Bulgaria,2009,3.117087426
Bulgaria,2008,3.669963922
Bulgaria,2007,3.732302609
Bulgaria,2006,3.52508976
Bulgaria,2005,3.902664883
Bulgaria,2004,4.93031077
Bulgaria,2003,5.115426787
Bulgaria,2002,5.163218895
Bulgaria,2001,6.3599291
Bulgaria,2000,6.01508387
Bulgaria,1999,6.075618319
Bulgaria,1998,7.078019288
Bulgaria,1997,7.554768177
Bulgaria,1996,8.735995558
Bulgaria,1995,10.1268516
Bulgaria,1994,9.480332357
Bulgaria,1993,9.525435202
Bulgaria,1992,8.566986709
Bulgaria,1991,6.637272983
Bulgaria,1990,4.071796796
Burundi,2016,9.467691088
Burundi,2015,7.199559379
Burundi,2014,8.878637671
Burundi,2013,8.409415683
Cabo Verde,2020,9.318538715
Cabo Verde,2019,9.756964469
Cabo Verde,2018,8.0961684
Cabo Verde,2017,11.03269593
Cabo Verde,2015,14.19849496
Cabo Verde,2014,18.40237906
Cabo Verde,2013,17.49051977
Cabo Verde,2012,17.2426416
Cabo Verde,2011,17.41167272
Cameroon,2020,6.820267261
Cameroon,2017,6.596567581
Cameroon,2016,5.670794709
Cameroon,2015,5.835734795
Canada,2021,3.090716322
Canada,2020,3.054198695
Canada,2019,2.837809047
Canada,2018,2.680698374
Canada,2017,2.711813138
Canada,2016,2.572649085
Canada,2015,2.436700569
Canada,2014,2.112050724
Canada,2013,2.058256537
Canada,2012,2.278783131
Canada,2011,2.521588456
Canada,2010,2.388297627
Canada,2009,2.690871213
Canada,2008,2.836671358
Canada,2007,2.646199612
Canada,2006,2.765951252
Canada,2005,3.031282617
Canada,2004,2.687508835
Canada,2003,2.505573417
Canada,2002,2.416324845
Canada,2001,2.550660765
Canada,2000,2.613155216
Canada,1999,2.473339959
Canada,1998,2.503028083
Canada,1997,2.619825068
Canada,1996,2.914175202
Canada,1995,2.732693521
Canada,1994,2.727561063
Canada,1993,3.000903816
Canada,1992,3.522585992
Canada,1991,3.438982287
Canada,1990,3.070559179
Cayman Islands,2014,16.74873547
Cayman Islands,2013,17.17504809
Cayman Islands,2010,33.58647585
Cayman Islands,2009,26.88894864
Cayman Islands,2008,15.82654111
Cayman Islands,2007,4.077721369
Cayman Islands,2006,0
Cayman Islands,2005,13.0177258
Cayman Islands,2004,17.91913988
Cayman Islands,2003,9.257330649
Cayman Islands,2001,4.956383822
Cayman Islands,2000,15.41029922
Cayman Islands,1998,5.516632647
Cayman Islands,1997,11.45606599
Cayman Islands,1996,5.959653148
Cayman Islands,1995,12.42236025
Cayman Islands,1994,12.96848658
Cayman Islands,1993,13.56346004
Cayman Islands,1992,7.104543355
Cayman Islands,1991,14.90146407
Cayman Islands,1990,15.64822784
Central African Republic,2016,29.79319079
Chile,2021,6.635644169
Chile,2020,8.507345519
Chile,2019,6.941502183
Chile,2018,7.876051846
Chile,2017,7.383937369
Chile,2016,5.90730985
Chile,2015,4.173270585
Chile,2014,4.273237166
Chile,2013,5.156442791
Chile,2012,4.613497828
Chile,2011,6.113728612
Chile,2010,5.273772492
Chile,2009,6.352192367
Chile,2008,5.865323939
Chile,2007,6.168319766
Chile,2006,6.154960062
Chile,2005,6.140307776
Colombia,2021,51.50059267
Colombia,2020,45.23542799
Colombia,2019,47.72531719
Colombia,2018,48.62921169
Colombia,2017,46.94953472
Colombia,2016,48.32475631
Colombia,2015,50.33865583
Colombia,2014,52.77404124
Colombia,2013,62.09960742
Colombia,2012,66.479855
Colombia,2011,65.9534438
Colombia,2010,64.2053532
Colombia,2009,66.39160163
Colombia,2008,68.60450334
Colombia,2007,73.74464468
Colombia,2006,76.25571056
Colombia,2005,79.43925323
Colombia,2004,90.0090118
Colombia,2003,105.7219221
Colombia,2002,130.2913961
Colombia,2001,129.6212238
Colombia,2000,126.4256809
Colombia,1999,117.6963601
Colombia,1998,113.2795913
Colombia,1997,115.7212098
Colombia,1996,118.5384758
Colombia,1995,115.4109674
Colombia,1994,142.6481477
Colombia,1993,152.5941529
Colombia,1992,153.9349574
Colombia,1991,159.0009836
Colombia,1990,138.1598383
Costa Rica,2021,20.63022227
Costa Rica,2020,19.8079873
Costa Rica,2019,20.22482544
Costa Rica,2018,20.55061391
Costa Rica,2017,21.775098
Costa Rica,2016,20.65108182
Costa Rica,2015,20.97700289
Costa Rica,2014,17.52901031
Costa Rica,2013,15.59622496
Costa Rica,2012,15.01640448
Costa Rica,2011,17.45076278
Costa Rica,2010,20.07737545
Costa Rica,2009,20.33232443
Costa Rica,2008,19.98392885
Costa Rica,2007,14.87911837
Costa Rica,2006,13.90384853
Costa Rica,2005,12.61653729
Costa Rica,2004,11.27888797
Costa Rica,2003,12.4466076
Costa Rica,2002,10.80526524
Costa Rica,2001,11.20672141
Costa Rica,2000,10.42169285
Costa Rica,1999,10.83641396
Costa Rica,1998,10.2275489
Costa Rica,1997,10.11759837
Costa Rica,1996,9.262184476
Costa Rica,1995,8.737049135
Costa Rica,1994,8.944912876
Costa Rica,1993,8.199655144
Costa Rica,1992,8.081657272
Costa Rica,1991,6.56894003
Costa Rica,1990,6.986006313
Croatia,2021,0.961125751
Croatia,2020,1.053341727
Croatia,2019,0.946451045
Croatia,2018,0.79202706
Croatia,2017,1.377162175
Croatia,2016,1.173086177
Croatia,2015,1.068704849
Croatia,2014,0.91778284
Croatia,2013,1.201960927
Croatia,2012,1.57983631
Croatia,2011,1.335500023
Croatia,2010,1.42671059
Croatia,2009,1.186290562
Croatia,2008,2.225872021
Croatia,2007,1.795810657
Croatia,2006,1.980493086
Croatia,2005,1.928882116
Croatia,2004,2.158146134
Croatia,2003,2.19481309
Croatia,2002,1.925957622
Croatia,2001,2.455450564
Croatia,2000,3.152417382
Croatia,1999,3.720791732
Croatia,1998,3.141181895
Croatia,1997,3.812482877
Croatia,1996,3.634444418
Croatia,1995,5.203924122
Croatia,1994,4.821180441
Croatia,1993,7.024215538
Croatia,1992,12.61186274
Croatia,1991,13.36061347
Croatia,1990,3.974396712
Cuba,2019,7.018127379
Cuba,2018,6.794201938
Cuba,2017,6.838462062
Cuba,2016,7.981658114
Cuba,2015,8.492535946
Cuba,2014,7.857969676
Cuba,2013,9.332146775
Cuba,2012,8.559185974
Cuba,2011,7.128110769
Cuba,2010,6.723220959
Cuba,2009,7.310974056
Cuba,2008,7.011009592
Cuba,2007,7.616309163
Cuba,2006,7.868360727
Cuba,2005,9.173141717
Cuba,2004,9.150813417
Cuba,2003,8.72245159
Cuba,2002,8.507128518
Cuba,2001,7.985026107
Cuba,2000,7.749097844
Cuba,1999,8.089268857
Cuba,1998,11.36822026
Cuba,1997,10.54469107
Cuba,1996,10.24230192
Cuba,1995,11.66315185
Cuba,1994,12.54895114
Cuba,1993,11.29825326
Cuba,1992,9.116394809
Curacao,2007,32.84775778
Curacao,2006,21.74102096
Curacao,2005,29.41847039
Curacao,2004,50.70426736
Curacao,2003,61.9316637
Curacao,2002,50.43249687
Curacao,2001,12.2861443
Cyprus,2021,1.444264625
Cyprus,2020,1.613080144
Cyprus,2019,0.81216691
Cyprus,2018,1.473984179
Cyprus,2017,1.156203984
Cyprus,2016,1.332903472
Cyprus,2015,2.017016899
Cyprus,2014,1.017278475
Cyprus,2013,1.538911374
Cyprus,2012,2.932728386
Cyprus,2011,0.522618038
Cyprus,2010,1.235455817
Cyprus,2009,2.152190347
Cyprus,2008,1.276039174
Cyprus,2007,1.853279564
Cyprus,2006,2.073036858
Cyprus,2005,3.450391044
Cyprus,2004,2.340376567
Czechia,2021,0.386366778
Czechia,2020,0.732532239
Czechia,2019,1.117690605
Czechia,2017,0.694815978
Czechia,2016,0.560205259
Czechia,2015,0.754064116
Czechia,2014,0.696863302
Czechia,2013,0.755302295
Czechia,2012,1.1043495
Czechia,2011,0.815082599
Czechia,2010,0.973827035
Czechia,2009,1.096105449
Czechia,2008,1.376939025
Czechia,2007,1.403236654
Czechia,2006,1.508075945
Czechia,2005,1.254168118
Czechia,2004,1.678986692
Czechia,2003,2.100068042
Czechia,2002,1.622880938
Czechia,2001,1.765858235
Czechia,2000,2.849755282
Czechia,1999,2.214979948
Czechia,1998,2.509521808
Czechia,1997,2.471192764
Czechia,1996,2.34980752
Czechia,1995,2.353436929
Czechia,1994,2.476395979
Denmark,2021,1.098841855
Denmark,2020,1.311574315
Denmark,2019,1.353365221
Denmark,2018,1.325740099
Denmark,2017,1.788976851
Denmark,2016,1.164157701
Denmark,2015,1.370008743
Denmark,2014,1.533111008
Denmark,2013,1.253885253
Denmark,2012,1.115793043
Denmark,2011,1.121122048
Denmark,2010,0.726793968
Denmark,2009,1.204871845
Denmark,2008,1.350464335
Denmark,2007,0.810586107
Denmark,2006,0.66605402
Denmark,2005,1.300559965
Denmark,2004,0.970027457
Denmark,2003,1.385624817
Denmark,2002,1.240280942
Denmark,2001,1.241038334
Denmark,2000,0.984857065
Denmark,1999,0.892125105
Denmark,1998,1.064504086
Denmark,1997,1.765196277
Denmark,1996,1.620254568
Denmark,1995,1.548277319
Denmark,1994,1.943873378
Denmark,1993,1.756752615
Denmark,1992,1.175664682
Denmark,1991,0.983210114
Denmark,1990,0.631021324
Dominica,2021,22.19786623
Dominica,2020,39.01623354
Dominica,2019,33.63888655
Dominica,2018,31.02786867
Dominica,2017,48.16000453
Dominica,2016,42.63846843
Dominica,2015,22.76381123
Dominica,2014,20.04208839
Dominica,2011,17.2823504
Dominica,2010,37.80623047
Dominica,2008,14.4246026
Dominica,2003,16.66166817
Dominica,2002,26.34737551
Dominica,2001,0
Dominican Republic,2021,18.4514289
Dominican Republic,2020,15.0701531
Dominican Republic,2019,16.09893848
Dominican Republic,2018,16.90974736
Dominican Republic,2017,19.1216128
Dominican Republic,2016,27.2668594
Dominican Republic,2014,31.29729304
Dominican Republic,2012,40.80247231
Dominican Republic,2011,45.55285735
Dominican Republic,2010,45.78981881
Dominican Republic,2009,44.95397352
Dominican Republic,2008,45.75937607
Dominican Republic,2007,40.64897966
Dominican Republic,2006,41.73009656
Dominican Republic,2005,46.89708392
Ecuador,2021,25.52089836
Ecuador,2020,13.73128189
Ecuador,2019,11.95696829
Ecuador,2018,10.05916694
Ecuador,2017,9.268684617
Ecuador,2016,9.498760387
Ecuador,2015,10.83920174
Ecuador,2014,14.08306881
Ecuador,2013,18.71869752
Ecuador,2012,21.83468983
Ecuador,2011,27.47290232
Ecuador,2010,31.83153689
Ecuador,2009,31.84143584
Ecuador,2008,32.99978372
Ecuador,2007,28.64858736
Ecuador,2006,30.83870798
Ecuador,2005,28.36495305
Ecuador,2004,32.05437511
Ecuador,2003,26.34631401
Ecuador,2002,26.28939039
Ecuador,2001,23.4709833
Ecuador,2000,26.69987092
Ecuador,1994,18.40310715
Ecuador,1993,15.13726866
Ecuador,1992,15.66529361
Ecuador,1991,19.45751102
Ecuador,1990,15.43579656
"Egypt, Arab Rep.",2012,4.209383305
"Egypt, Arab Rep.",2011,5.251375857
"Egypt, Arab Rep.",2010,3.71697192
"Egypt, Arab Rep.",2009,1.660664351
"Egypt, Arab Rep.",2008,2.017094519
"Egypt, Arab Rep.",2007,1.241277862
"Egypt, Arab Rep.",2006,0.991362297
"Egypt, Arab Rep.",2005,1.14544257
"Egypt, Arab Rep.",2004,0.687261116
El Salvador,2021,33.45869813
El Salvador,2020,39.56722266
El Salvador,2019,71.0767798
El Salvador,2018,98.28628948
El Salvador,2017,116.1992995
El Salvador,2016,159.2548802
El Salvador,2015,204.3311331
El Salvador,2014,122.2547868
El Salvador,2013,77.6738837
El Salvador,2012,77.15538422
El Salvador,2011,127.5925655
El Salvador,2010,117.1871458
El Salvador,2009,130.1512777
El Salvador,2008,98.64732186
El Salvador,2007,109.2335383
El Salvador,2006,120.4958066
El Salvador,2005,120.4174854
Estonia,2021,3.491118673
Estonia,2020,5.080651371
Estonia,2019,3.187284012
Estonia,2018,3.68944202
Estonia,2017,3.390659701
Estonia,2016,3.888840728
Estonia,2015,5.569931652
Estonia,2014,5.206333505
Estonia,2013,5.523641184
Estonia,2012,7.453605358
Estonia,2011,8.240273448
Estonia,2010,8.640432265
Estonia,2009,7.792201003
Estonia,2008,10.79327896
Estonia,2007,12.32465846
Estonia,2006,10.57083297
Estonia,2005,13.41998258
Estonia,2004,11.85905595
Estonia,2003,16.82108884
Estonia,2002,17.10755372
Estonia,2001,16.58002606
Estonia,2000,18.03343048
Estonia,1999,17.77090717
Estonia,1998,23.64517112
Estonia,1997,21.00789206
Estonia,1996,24.94580511
Estonia,1995,31.60065641
Estonia,1994,34.92463691
Fiji,2014,1.727363708
Fiji,2013,2.37726813
Fiji,2012,2.813012563
Fiji,2011,2.384007213
Fiji,2010,3.040559984
Fiji,2009,4.573579087
Fiji,2008,1.530340643
Fiji,2007,0.660125556
Fiji,2006,2.220652961
Fiji,2005,3.139587167
Finland,2019,1.944412547
Finland,2018,2.278405329
Finland,2017,1.36243971
Finland,2016,1.921021629
Finland,2015,2.44746389
Finland,2014,2.270945799
Finland,2013,2.468687412
Finland,2012,1.804797943
Finland,2011,2.759431965
Finland,2010,3.45779561
Finland,2009,3.284503711
Finland,2008,3.417535914
Finland,2007,3.12709921
Finland,2006,3.180707226
Finland,2005,3.272040994
Finland,2004,4.4966077
Finland,2003,2.857224011
Finland,2002,3.475846167
Finland,2001,4.278286184
Finland,2000,4.046236626
Finland,1999,4.423045724
Finland,1998,3.238074921
Finland,1997,4.10325477
Finland,1996,4.2905405
Finland,1995,3.914136184
Finland,1994,4.030027894
Finland,1993,3.655388648
Finland,1992,4.121914419
Finland,1991,4.764568696
Finland,1990,4.711723139
France,2021,1.622042831
France,2020,1.597373533
France,2019,1.579897969
France,2018,1.521649477
France,2017,1.460268841
France,2016,1.605879341
France,2015,2.041537624
Georgia,2018,3.941017605
Georgia,2017,3.884087569
Georgia,2016,0.281405248
Georgia,2014,4.18530006
Georgia,2010,8.822232025
Georgia,2009,9.783681934
Georgia,2008,12.11017618
Georgia,2007,15.60683053
Georgia,2006,15.14086175
Georgia,2005,17.92811638
Georgia,2004,14.2206735
Germany,2021,0.86990348
Germany,2020,1.033674174
Germany,2019,0.845855004
Germany,2018,1.029469997
Germany,2017,1.062555397
Germany,2016,1.21705624
Germany,2015,0.877944105
Germany,2014,0.93569705
Germany,2013,0.881560756
Germany,2012,0.906679421
Germany,2011,1.001988559
Germany,2010,1.00461712
Germany,2009,1.049628011
Germany,2008,1.170149969
Germany,2007,1.257922655
Germany,2006,1.38061573
Germany,2005,1.507519906
Germany,2004,1.653873738
Germany,2003,1.541505769
Germany,2002,1.762093519
Germany,2001,1.73798602
Germany,2000,2.065050711
Germany,1999,2.042447866
Germany,1998,2.518104808
Germany,1997,2.903439964
Germany,1996,3.176165929
Germany,1995,3.402134495
Germany,1994,3.237948491
Germany,1993,2.02910652
Germany,1992,1.776020435
Germany,1991,1.746727365
Germany,1990,1.437667641
Ghana,2021,3.102428953
Ghana,2020,2.987179814
Greece,2021,1.094415413
Greece,2020,1.145411549
Greece,2019,1.138521279
Greece,2018,1.342926304
Greece,2017,1.201516543
Greece,2016,1.099731315
Greece,2015,1.18746344
Greece,2014,1.498724726
Greece,2013,1.91847559
Greece,2012,2.351967926
Greece,2011,2.800530037
Greece,2010,2.605725954
Greece,2009,2.322502729
Greece,2008,2.023646584
Greece,2007,1.726889986
Greece,2006,1.595635936
Greece,2005,1.58619897
Greece,2004,1.470597894
Greece,2003,1.608993296
Greece,2002,1.275580131
Greece,2001,1.747920641
Greece,1999,2.089838829
Greece,1998,2.445333065
Greece,1997,3.031586838
Greece,1996,2.140660728
Greece,1995,2.016820519
Greece,1994,1.944664256
Greece,1993,2.109258294
Greece,1992,2.056943562
Greece,1991,1.867367318
Greece,1990,1.393087816
Grenada,2021,6.414728216
Grenada,2020,17.76586209
Grenada,2019,24.39698779
Grenada,2018,18.00607296
Grenada,2017,16.47948716
Grenada,2016,13.27635564
Grenada,2015,6.686782738
Grenada,2014,8.422258344
Grenada,2013,6.791517395
Grenada,2012,15.40396909
Grenada,2011,5.173885674
Grenada,2010,13.89805775
Grenada,2009,6.999308818
Grenada,2008,24.67264685
Grenada,2007,15.97174775
Grenada,2006,16.07918103
Grenada,2005,14.3886186
Guatemala,2021,34.12883146
Guatemala,2020,31.14576766
Guatemala,2019,43.45781128
Guatemala,2018,49.29513292
Guatemala,2017,56.49443334
Guatemala,2014,56.11156129
Guatemala,2013,60.18740544
Guatemala,2012,61.1232389
Guatemala,2011,68.68060397
Guatemala,2010,73.03456394
Guatemala,2009,81.72725995
Guatemala,2008,80.8479442
Guatemala,2007,76.40259324
Guatemala,2006,79.36744656
Guatemala,2005,73.94663063
Guatemala,2004,62.84443471
Guyana,2021,30.99313959
Guyana,2020,30.26420911
Guyana,2019,30.03912724
Guyana,2018,22.79556523
Guyana,2017,25.18203396
Guyana,2016,35.44490063
Guyana,2015,32.56005446
Guyana,2013,33.74634358
Guyana,2012,30.31114936
Guyana,2011,25.9536619
Guyana,2010,29.30233558
Guyana,2009,23.53680635
Guyana,2008,31.95245475
Guyana,2007,23.07839226
Guyana,2006,34.37902879
Guyana,2005,30.07467225
Haiti,2021,24.34402246
Haiti,2020,21.28306937
Haiti,2018,12.53720438
Haiti,2016,17.84128029
Haiti,2015,18.71842636
Haiti,2014,17.28363007
Haiti,2013,19.00574458
Honduras,2021,69.47036552
Honduras,2020,64.38514678
Honduras,2019,73.4330539
Honduras,2018,67.77358128
Honduras,2017,71.21155308
Honduras,2016,97.85400726
Honduras,2015,99.37273994
Honduras,2014,116.8944132
Honduras,2013,131.1123585
Honduras,2012,147.6502008
Honduras,2011,151.809247
Honduras,2010,136.8783924
Honduras,2009,117.4155598
Honduras,2008,101.1098955
Honduras,2007,81.42994754
Honduras,2006,74.25042311
"Hong Kong SAR, China",2021,0.31823165
"Hong Kong SAR, China",2020,0.375485315
"Hong Kong SAR, China",2019,0.31774684
"Hong Kong SAR, China",2018,0.925823592
"Hong Kong SAR, China",2017,0.261006007
"Hong Kong SAR, China",2016,0.494629632
"Hong Kong SAR, China",2015,0.37946006
"Hong Kong SAR, China",2014,0.409968981
"Hong Kong SAR, China",2013,0.735299416
"Hong Kong SAR, China",2012,0.443681509
"Hong Kong SAR, China",2011,0.237801843
"Hong Kong SAR, China",2010,0.476559313
"Hong Kong SAR, China",2009,0.655930085
"Hong Kong SAR, China",2008,0.328629647
"Hong Kong SAR, China",2007,0.20973079
"Hong Kong SAR, China",2006,0.510115822
"Hong Kong SAR, China",2005,0.629270707
"Hong Kong SAR, China",2004,0.74761671
"Hong Kong SAR, China",2003,0.896472381
Hungary,2021,1.052793512
Hungary,2020,0.877473271
Hungary,2019,0.705340259
Hungary,2018,0.919979341
Hungary,2017,2.481932972
Hungary,2016,2.562865489
Hungary,2015,2.535943807
Hungary,2014,1.680849097
Hungary,2013,1.762167849
Hungary,2012,1.39806309
Hungary,2011,2.177002568
Hungary,2010,1.623135199
Hungary,2009,1.598881456
Hungary,2008,2.332164275
Hungary,2007,1.908645514
Hungary,2006,2.085010343
Hungary,2005,1.830057431
Hungary,2004,2.524346909
Hungary,2003,2.850983898
Hungary,2002,2.402431446
Hungary,2001,3.491316083
Hungary,2000,2.4221997
Hungary,1999,3.033650629
Hungary,1998,3.588959793
Hungary,1997,3.612544352
Hungary,1996,3.20251742
Hungary,1995,4.015908257
Hungary,1994,4.334855217
Hungary,1993,3.639619125
Hungary,1992,3.8386512
Hungary,1991,3.836226459
Hungary,1990,2.643435712
Iceland,2021,0.526807939
Iceland,2020,0.531667442
Iceland,2019,0.540575605
Iceland,2018,1.109111629
Iceland,2017,0.573310668
Iceland,2016,0
Iceland,2015,1.80354035
Iceland,2014,0
Iceland,2013,0.615365681
Iceland,2012,0
Iceland,2011,1.247508881
Iceland,2010,1.249133414
Iceland,2009,0.620541795
Iceland,2007,1.258879031
Iceland,2005,2.009087774
Iceland,1999,0.719548699
Iceland,1996,0.741504215
India,2021,3.347213963
India,2020,3.365833136
India,2019,3.253498328
India,2018,3.358774526
India,2017,3.3861702
India,2016,3.536491135
India,2015,3.991554521
India,2014,4.303460539
India,2013,4.190924767
India,2012,4.405777562
India,2011,4.445866881
India,2010,4.456127458
India,2009,4.419392607
India,2008,4.646595242
India,2007,4.641382383
India,2006,4.844795082
India,2005,4.992153133
India,2004,5.208588745
India,2003,5.163633457
India,2002,5.492781899
India,2001,5.632921063
India,2000,6.014203113
India,1999,6.152895917
"Iran, Islamic Rep.",2014,4.220746238
"Iran, Islamic Rep.",2013,4.382042555
Iraq,2013,15.81997012
Iraq,2012,12.96506094
Iraq,2011,13.29764519
Iraq,2010,14.1999165
Iraq,2009,10.63578033
Iraq,2008,27.31947263
Ireland,2021,0.607061583
Ireland,2020,1.101898469
Ireland,2019,0.989633996
Ireland,2018,1.211203381
Ireland,2017,1.015923543
Ireland,2016,1.371127021
Ireland,2015,0.996516741
Ireland,2013,1.899193131
Ireland,2012,1.738676454
Ireland,2011,1.7970325
Ireland,2010,2.12547236
Ireland,2009,1.932190319
Ireland,2008,1.847878837
Ireland,2007,3.06655375
Ireland,2006,2.160687593
Ireland,2005,2.129521272
Ireland,2004,1.246010896
Ireland,2003,1.463194376
Ireland,2002,2.125590171
Ireland,2001,2.322981699
Ireland,2000,1.559862243
Ireland,1999,1.723501015
Ireland,1998,1.725596442
Ireland,1997,1.47234401
Ireland,1996,1.350890886
Ireland,1995,2.061428119
Ireland,1994,1.131096966
Ireland,1993,0.964477171
Ireland,1992,1.119752296
Ireland,1991,0.880141052
Ireland,1990,0.84780461
Israel,2021,3.290398886
Israel,2020,2.337170264
Israel,2019,2.635519337
Israel,2018,2.137901792
Israel,2017,2.41894947
Israel,2016,1.996847446
Israel,2015,2.161777906
Israel,2014,2.17733692
Israel,2013,2.400352121
Israel,2012,2.763725151
Israel,2011,3.058591102
Israel,2010,3.253726861
Israel,2009,3.28565114
Israel,2008,2.601579902
Israel,2007,3.143158653
Israel,2006,3.436724422
Israel,2005,3.649605315
Israel,2004,3.931705658
Israel,2003,4.225385175
Israel,2002,5.454770779
Israel,2001,5.040309468
Israel,2000,3.814900371
Israel,1999,3.909054627
Israel,1994,4.204166913
Israel,1993,4.145344098
Italy,2021,0.637267905
Italy,2020,0.583001541
Italy,2019,0.708140837
Italy,2018,0.748009677
Italy,2017,0.836533044
Italy,2016,0.866839745
Italy,2015,1.140238652
Italy,2014,1.121977148
Italy,2013,1.105574132
Italy,2012,1.260963709
Italy,2011,1.328415248
Italy,2010,1.293473839
Italy,2009,1.445874269
Italy,2008,1.629102583
Italy,2007,1.690272766
Italy,2006,1.577921692
Italy,2005,1.68052506
Italy,2003,1.876135315
Italy,2002,1.668904841
Italy,2001,1.950618593
Italy,2000,2.087869597
Italy,1999,2.314428866
Italy,1998,2.520553507
Italy,1997,2.467930061
Italy,1996,2.674654378
Italy,1995,2.947237078
Italy,1994,2.950761201
Italy,1993,3.175840957
Italy,1992,4.574967221
Italy,1991,6.196907561
Italy,1990,5.764670831
Jamaica,2021,95.5842023
Jamaica,2020,87.16349621
Jamaica,2019,86.77864358
Jamaica,2018,83.09369279
Jamaica,2017,106.6303344
Jamaica,2016,87.58259815
Jamaica,2015,78.76750829
Jamaica,2014,65.46985836
Jamaica,2013,77.90301365
Jamaica,2012,71.22514927
Jamaica,2011,74.46205024
Jamaica,2010,96.05251461
Jamaica,2009,113.1422881
Jamaica,2008,108.1915675
Jamaica,2007,107.0460664
Jamaica,2006,89.13033774
Jamaica,2005,112.1689771
Japan,2021,0.249308357
Japan,2020,0.215171724
Japan,2019,0.225642577
Japan,2018,0.252441307
Japan,2017,0.215858341
Japan,2016,0.267032079
Japan,2015,0.234145106
Japan,2014,0.304597864
Japan,2013,0.287966589
Japan,2012,0.303573472
Japan,2011,0.333608943
Japan,2010,0.365296654
Japan,2009,0.405163422
Japan,2008,0.504390241
Japan,2007,0.467606312
Japan,2006,0.472561176
Japan,2005,0.519143247
Japan,2004,0.586665116
Japan,2003,0.607937615
Japan,2002,0.557152534
Japan,2001,0.614137656
Japan,2000,0.560318437
Japan,1999,0.641729846
Japan,1998,0.676536904
Japan,1997,0.64372656
Japan,1996,0.583389548
Japan,1995,0.623443137
Japan,1994,0.722350474
Japan,1993,0.647382205
Japan,1992,0.606382088
Japan,1991,0.55881375
Japan,1990,0.611316494
Jordan,2021,1.435947776
Jordan,2020,1.463644869
Jordan,2019,1.709984935
Jordan,2018,1.251018177
Jordan,2017,1.882379516
Jordan,2016,1.881511732
Jordan,2012,3.671006552
Jordan,2011,3.092334227
Jordan,2010,2.188412496
Jordan,2009,1.891864738
Jordan,2008,2.635712855
Jordan,2007,2.489089242
Kazakhstan,2020,4.999967654
Kazakhstan,2017,7.906582475
Kazakhstan,2015,7.0584944
Kazakhstan,2014,8.328899682
Kazakhstan,2013,10.14649301
Kazakhstan,2012,12.13863647
Kazakhstan,2011,13.57714197
Kazakhstan,2010,13.17687177
Kazakhstan,2009,17.3680663
Kazakhstan,2008,18.75519778
Kenya,2021,7.953062623
Kenya,2020,5.46920801
Kenya,2019,4.669163456
Kenya,2018,4.567318861
Kenya,2017,8.367216127
Kenya,2016,7.250743554
Kenya,2015,7.090274539
Kenya,2014,7.828577085
"Korea, Rep.",2021,0.54858116
"Korea, Rep.",2020,0.633166717
"Korea, Rep.",2019,0.532932445
"Korea, Rep.",2018,0.588053723
"Korea, Rep.",2017,0.570167111
"Korea, Rep.",2016,0.630404993
"Korea, Rep.",2015,0.693083485
"Korea, Rep.",2014,0.727383488
"Korea, Rep.",2013,0.678926292
"Korea, Rep.",2012,0.871662313
"Korea, Rep.",2011,0.758244194
Kosovo,2020,3.481223302
Kosovo,2019,2.496205174
Kosovo,2018,4.103817195
Kosovo,2017,4.05200693
Kosovo,2016,3.434958489
Kosovo,2015,3.646004833
Kosovo,2014,4.846973713
Kosovo,2013,4.105620983
Kosovo,2012,8.737396444
Kosovo,2011,5.900637714
Kosovo,2010,9.593230303
Kosovo,2009,6.873446546
Kosovo,2008,9.617694395
Kuwait,2020,1.085711291
Kuwait,2019,0.438240661
Kuwait,2018,0.866015862
Kuwait,2017,0.917082211
Kuwait,2012,2.631275495
Kuwait,2011,2.683705213
Kuwait,2010,2.80489759
Kuwait,2009,2.311109723
Kuwait,2008,1.766355635
Kuwait,2007,3.226788662
Kuwait,2006,2.815869228
Kuwait,2005,1.89400755
Kuwait,2004,2.511979986
Kuwait,2003,1.935560357
Kyrgyz Republic,2020,2.974650401
Kyrgyz Republic,2019,3.497272443
Kyrgyz Republic,2018,4.969661021
Kyrgyz Republic,2017,5.583308845
Kyrgyz Republic,2009,10.91963001
Kyrgyz Republic,2008,12.69295699
Kyrgyz Republic,2007,12.38762033
Kyrgyz Republic,2006,14.05990069
Kyrgyz Republic,2005,15.3036969
Kyrgyz Republic,2004,13.21302276
Kyrgyz Republic,2003,13.12492879
Kyrgyz Republic,2002,13.43469786
Kyrgyz Republic,2001,12.9516269
Kyrgyz Republic,2000,14.55001609
Latvia,2021,2.419360413
Latvia,2020,3.192301992
Latvia,2019,2.600334765
Latvia,2018,4.598087868
Latvia,2017,4.894906905
Latvia,2016,3.863987635
Latvia,2015,4.115687305
Latvia,2014,2.981603043
Latvia,2013,2.801672814
Latvia,2012,3.522090713
Lebanon,2020,5.639880871
Lebanon,2019,2.736198322
Lebanon,2018,2.404121076
Lebanon,2017,3.329063255
Lebanon,2016,3.461377337
Lebanon,2015,4.033130275
Lebanon,2014,4.619329552
Lebanon,2013,5.921458764
Lebanon,2012,6.53558793
Lebanon,2011,4.074644288
Lebanon,2010,2.784648034
Liechtenstein,2021,5.167024052
Liechtenstein,2020,0
Liechtenstein,2018,0
Liechtenstein,2017,0
Liechtenstein,2016,0
Liechtenstein,2015,0
Liechtenstein,2014,5.441436539
Liechtenstein,2013,0
Liechtenstein,2012,0
Liechtenstein,2011,0
Liechtenstein,2010,5.629362756
Liechtenstein,2009,0
Lithuania,2021,3.82339728
Lithuania,2020,5.449595405
Lithuania,2019,5.405872129
Lithuania,2018,5.591817456
Lithuania,2017,5.47763091
Lithuania,2016,7.860520572
Lithuania,2015,8.964090074
Lithuania,2014,7.660595163
Lithuania,2013,9.881122223
Lithuania,2012,10.56221089
Lithuania,2011,10.17004669
Lithuania,2010,9.981893953
Lithuania,2009,12.86674501
Lithuania,2008,14.64702525
Lithuania,2007,13.62079184
Lithuania,2006,13.9177026
Lithuania,2005,17.4816523
Lithuania,2004,13.47454402
Lithuania,2003,14.97980298
Lithuania,2002,13.7115867
Lithuania,2001,15.96863569
Lithuania,2000,16.02919532
Lithuania,1999,12.85929897
Lithuania,1998,12.8624295
Lithuania,1997,16.0043083
Lithuania,1996,16.5958509
Lithuania,1995,19.93485537
Lithuania,1994,19.39133598
Lithuania,1993,17.76981108
Luxembourg,2020,0.315256027
Luxembourg,2019,0.962059577
Luxembourg,2014,0.718172825
Luxembourg,2013,0
Luxembourg,2012,0
Luxembourg,2011,1.548844755
Luxembourg,2010,1.982309867
Luxembourg,2009,2.02162737
Luxembourg,2007,1.681937255
Luxembourg,2006,2.136564959
Luxembourg,2004,0.44164832
Luxembourg,2001,2.298559952
Luxembourg,1996,0.984215642
"Macao SAR, China",2021,0
"Macao SAR, China",2020,0
"Macao SAR, China",2019,0.640294023
"Macao SAR, China",2018,0.325728125
"Macao SAR, China",2017,0
"Macao SAR, China",2016,0.336909629
"Macao SAR, China",2015,0
"Macao SAR, China",2014,0
"Macao SAR, China",2013,0
"Macao SAR, China",2012,1.075611934
"Macao SAR, China",2011,0.365219424
"Macao SAR, China",2010,0.74806485
"Macao SAR, China",2009,0.767813268
"Macao SAR, China",2008,0.394125947
"Macao SAR, China",1994,3.719862471
Maldives,2017,10.63718577
Maldives,2016,5.349248622
Maldives,2015,1.596854197
Malta,2021,0.729989616
Malta,2020,2.247940325
Malta,2019,0.770315136
Malta,2018,1.586366764
Malta,2017,2.860534634
Malta,2016,1.263328112
Malta,2015,0.867082722
Malta,2014,2.227047492
Malta,2013,3.19419569
Malta,2012,4.194142181
Malta,2011,0
Malta,2010,1.442304225
Malta,2009,0.485158987
Malta,2008,2.439327819
Malta,2007,1.468328162
Malta,2006,0
Malta,2005,0.982484753
Malta,2004,1.478218451
Mauritius,2021,3.432429122
Mauritius,2020,3.744900499
Mauritius,2019,3.278568234
Mauritius,2018,3.591289406
Mauritius,2017,3.1227092
Mauritius,2016,1.717613423
Mauritius,2015,2.342286071
Mauritius,2014,1.718137913
Mauritius,2013,3.750788252
Mauritius,2012,2.815956146
Mauritius,2011,3.76005521
Mauritius,2010,3.923322583
Mauritius,2009,3.4595329
Mauritius,2008,4.802303359
Mauritius,2007,5.176465716
Mauritius,2006,5.923317314
Mauritius,2005,3.804479873
Mauritius,2004,4.492600847
Mauritius,2003,4.524548171
Mauritius,2000,2.40781961
Mauritius,1999,2.197053972
Mauritius,1998,4.07273985
Mauritius,1997,3.235891429
Mauritius,1996,4.432322628
Mauritius,1995,3.433220008
Mauritius,1994,2.675832881
Mauritius,1993,2.651836028
Mauritius,1992,3.954762399
Mauritius,1991,4.420267613
Mauritius,1990,2.846610624
Mexico,2021,50.5414681
Mexico,2020,52.50420252
Mexico,2019,53.16468943
Mexico,2018,53.99178005
Mexico,2017,47.43656247
Mexico,2016,36.4315602
Mexico,2015,31.09744072
Mexico,2014,30.10214297
Mexico,2013,35.31386754
Mexico,2012,40.55819875
Mexico,2011,43.40748061
Mexico,2010,42.269956
Mexico,2009,32.87875054
Mexico,2008,23.42728496
Mexico,2007,14.67821349
Mexico,2006,17.49032183
Mexico,2005,16.70337901
Mexico,2004,15.9625925
Mexico,2003,17.49117186
Mexico,2002,17.83205602
Mexico,2001,18.50679047
Mexico,2000,19.73209073
Mexico,1999,22.97461737
Mexico,1998,26.11648848
Mexico,1997,26.67312601
Mexico,1996,29.04607162
Mexico,1995,31.91113184
Mexico,1994,33.12830482
Mexico,1993,34.03782735
Mexico,1992,35.83463082
Mexico,1991,33.15569341
Mexico,1990,32.25393041
"Micronesia, Fed. Sts.",2019,0
Moldova,2020,4.571898044
Moldova,2019,6.156731439
Moldova,2018,8.366831337
Moldova,2017,6.941380046
Moldova,2016,9.909626811
Moldova,2015,9.110904084
Moldova,2014,9.072577787
Moldova,2013,9.852101484
Moldova,2012,9.958719309
Moldova,2011,7.551278449
Moldova,2010,9.329289878
Moldova,2009,9.830209808
Moldova,2008,8.015196813
Moldova,2007,8.104534351
Moldova,2006,9.953579395
Moldova,2005,10.34052237
Moldova,2004,9.633486695
Moldova,2003,10.91625164
Moldova,2002,13.97069229
Moldova,2001,14.61826558
Moldova,2000,15.53272143
Moldova,1999,14.37085761
Moldova,1998,13.81151012
Moldova,1997,14.81863489
Moldova,1996,13.73662506
Moldova,1995,14.64383193
Moldova,1994,14.07628959
Moldova,1993,12.95967116
Moldova,1992,17.64319499
Moldova,1991,9.155148713
Monaco,2015,0
Monaco,2013,0
Mongolia,2021,9.810636656
Mongolia,2020,10.08499203
Mongolia,2019,10.2733681
Mongolia,2018,9.603560568
Mongolia,2017,9.489158312
Mongolia,2016,9.630500926
Mongolia,2015,11.06103486
Mongolia,2014,11.01711533
Mongolia,2013,10.52946235
Mongolia,2012,10.21867239
Mongolia,2011,15.07447964
Mongolia,2010,12.77506308
Mongolia,2009,12.04667333
Mongolia,2008,12.43029882
Mongolia,2007,17.62426178
Montenegro,2021,4.249949328
Montenegro,2020,4.892120588
Montenegro,2019,5.85588663
Montenegro,2018,3.896869353
Montenegro,2017,3.566466782
Montenegro,2016,8.094858793
Montenegro,2015,4.528633905
Montenegro,2014,5.173339196
Montenegro,2013,2.911843925
Montenegro,2012,4.53785217
Montenegro,2011,5.848314223
Montenegro,2010,2.602946535
Montenegro,2009,4.660426528
Montenegro,2008,6.186204763
Montenegro,2007,2.930746461
Morocco,2021,3.305534874
Morocco,2020,2.024362061
Morocco,2019,2.789661722
Morocco,2018,2.432643421
Morocco,2017,3.623867901
Morocco,2016,2.768179958
Morocco,2015,1.914632389
Morocco,2014,1.718849924
Morocco,2013,2.13645132
Morocco,2012,1.951338977
Morocco,2009,2.357967382
Myanmar,2021,49.77098904
Myanmar,2020,4.927427469
Myanmar,2019,4.719317637
Myanmar,2018,4.519078159
Myanmar,2017,4.354794342
Myanmar,2016,4.20910363
Myanmar,2015,4.19467147
Myanmar,2014,4.019386632
Myanmar,2013,4.075878775
Myanmar,2012,4.768302971
Myanmar,2011,3.842234782
Myanmar,2010,2.636024811
Myanmar,2009,3.056209182
Namibia,2021,18.50690242
Namibia,2020,18.22478146
Namibia,2019,18.28373306
Namibia,2018,30.64055105
Netherlands,2021,0.885413774
Netherlands,2020,0.727320921
Netherlands,2019,0.776878068
Netherlands,2018,0.745694734
Netherlands,2017,1.042194778
Netherlands,2016,0.729864882
Netherlands,2015,0.733761503
Netherlands,2014,1.106748973
Netherlands,2013,0.825658153
Netherlands,2012,1.142717611
Netherlands,2011,1.124640931
Netherlands,2010,1.094150429
Netherlands,2009,1.270688473
Netherlands,2008,1.2643794
Netherlands,2007,1.18351256
Netherlands,2006,0.977842098
Netherlands,2005,1.453900361
Netherlands,2004,1.721804331
Netherlands,2003,1.616392273
Netherlands,2002,1.686599695
Netherlands,2001,1.694810213
Netherlands,2000,1.525844467
Netherlands,1999,1.841392313
Netherlands,1998,1.659319462
Netherlands,1997,1.876496749
Netherlands,1996,1.887805997
Netherlands,1995,1.545608821
Netherlands,1994,1.581965175
Netherlands,1993,1.817899181
Netherlands,1992,1.870080436
Netherlands,1991,1.587111044
Netherlands,1990,1.245783379
New Zealand,2019,3.915600855
New Zealand,2018,2.097683235
New Zealand,2017,0.942773236
New Zealand,2016,1.22140921
New Zealand,2015,1.421261134
New Zealand,2014,1.325950387
New Zealand,2013,1.561538391
New Zealand,2012,0.92748397
New Zealand,2011,1.120289184
New Zealand,2010,0.963293953
New Zealand,2009,1.995561776
New Zealand,2008,1.343610998
New Zealand,2007,1.404032672
New Zealand,2006,1.547302137
New Zealand,2005,1.692223464
New Zealand,2004,1.652366817
New Zealand,2003,1.514428281
New Zealand,2002,1.726142989
New Zealand,2001,1.563430357
New Zealand,2000,1.648513643
New Zealand,1999,1.826397855
New Zealand,1998,1.467068387
New Zealand,1997,1.944296782
New Zealand,1996,1.727831557
New Zealand,1995,1.531379334
Nicaragua,2021,19.13716847
Nicaragua,2019,14.06678526
Nicaragua,2018,19.07959774
Nicaragua,2017,11.67937151
Nicaragua,2016,12.86346842
Nicaragua,2015,14.75699451
Nicaragua,2013,17.54495646
Nicaragua,2012,20.49277733
Nicaragua,2011,23.32018322
Nicaragua,2010,24.50539483
Nicaragua,2009,24.88538195
Nicaragua,2008,24.19442468
North Macedonia,2019,1.896387098
North Macedonia,2018,1.517390241
North Macedonia,2017,2.562051463
North Macedonia,2016,1.234407299
North Macedonia,2015,2.185839089
North Macedonia,2014,2.378473106
North Macedonia,2013,1.42884427
North Macedonia,2012,1.716501636
North Macedonia,2011,2.481711694
North Macedonia,2010,2.676123578
North Macedonia,2009,2.201912505
North Macedonia,2008,2.492768574
North Macedonia,2007,2.975352087
North Macedonia,2006,3.5542662
North Macedonia,2005,3.335341811
North Macedonia,2004,3.536850615
North Macedonia,2003,5.113841191
North Macedonia,2002,4.960867375
North Macedonia,2000,3.455238086
North Macedonia,1999,2.876845556
North Macedonia,1998,3.772530184
Norway,2021,0.476966289
Norway,2020,0.589727282
Norway,2019,0.445098244
Norway,2018,0.597697594
Norway,2017,0.564128109
Norway,2016,0.606670264
Norway,2015,0.38281886
Norway,2014,0.61934437
Norway,2013,1.018842313
Norway,2012,0.714961523
Norway,2011,2.378950242
Norway,2010,0.572824275
Norway,2009,0.705066671
Norway,2008,1.009430818
Norway,2007,0.554858663
Norway,2006,0.518565734
Norway,2005,0.742723833
Norway,2004,1.054136729
Norway,2003,1.173907586
Norway,2002,1.363471083
Norway,2001,1.002535032
Norway,2000,1.18075728
Norway,1999,0.9437344
Norway,1998,1.168915838
Norway,1997,1.19110862
Norway,1996,1.055695043
Norway,1995,1.212340232
Norway,1994,0.814648834
Norway,1993,0.97576378
Norway,1992,1.569654074
Norway,1991,1.653721122
Norway,1990,1.692210704
Oman,2021,0.289669516
Oman,2020,0.354511307
Oman,2019,0.581255998
Oman,2018,0.370199916
Oman,2017,0.439053394
Oman,2016,0.383765197
Oman,2015,0.442086405
Oman,2014,0.231537445
Panama,2021,23.38592333
Panama,2020,21.08084224
Panama,2019,20.2029595
Panama,2018,17.55216374
Panama,2017,16.52927217
Panama,2016,17.65629541
Panama,2015,21.26639663
Panama,2014,29.04290632
Panama,2013,32.01668001
Panama,2012,32.04131531
Panama,2011,28.28691368
Panama,2010,23.6126989
Panama,2009,29.24172346
Panama,2008,26.347373
Panama,2007,14.98250444
Panama,2006,11.94736064
Panama,2005,19.78887553
Panama,2004,17.25573615
Panama,2003,18.84126929
Panama,2002,21.4830098
Panama,2001,18.15616821
Panama,2000,17.9051852
Panama,1999,18.00675717
Panama,1998,16.58723684
Panama,1997,20.03932713
Panama,1996,16.1923615
Paraguay,2021,13.69877057
Paraguay,2020,12.39476297
Paraguay,2019,15.24188335
Paraguay,2018,13.40446968
Paraguay,2017,15.15184718
Paraguay,2016,19.4889731
Paraguay,2015,18.02556347
Paraguay,2014,16.61466288
Paraguay,2013,18.2693256
Paraguay,2012,19.32412206
Paraguay,2011,20.2276546
Paraguay,2010,22.99964227
Paraguay,2009,26.18382122
Paraguay,2008,27.21525207
Paraguay,2007,26.16020231
Peru,2020,9.194255621
Peru,2019,11.57474142
Peru,2018,11.9409033
Peru,2017,11.48980333
Peru,2016,11.9975962
Peru,2015,11.87591867
Peru,2014,11.38833852
Peru,2013,11.36632948
Peru,2012,11.05961284
Peru,2011,9.079894366
Philippines,2019,7.732391275
Philippines,2018,9.367733379
Philippines,2017,14.0129014
Philippines,2016,19.21853794
Philippines,2012,14.91787179
Philippines,2011,15.33694105
Philippines,2010,15.53781935
Philippines,2009,15.9893582
Philippines,2008,10.01393476
Philippines,2007,11.05165147
Poland,2021,1.047270526
Poland,2020,0.952114196
Poland,2019,0.92881717
Poland,2018,1.019308793
Poland,2017,1.035066581
Poland,2016,1.013539086
Poland,2015,0.996775832
Poland,2014,1.042986961
Poland,2013,1.173884627
Poland,2012,1.59480999
Poland,2011,1.551984315
Poland,2010,1.421685559
Poland,2009,1.471603608
Poland,2008,1.272303024
Poland,2007,2.192370649
Poland,2006,1.87159634
Poland,2005,2.194630506
Poland,2004,2.557533233
Poland,2003,2.436088712
Poland,2002,2.725916157
Poland,2001,2.967292619
Poland,2000,3.350215536
Poland,1999,2.995312644
Poland,1996,3.269539746
Poland,1995,3.296912174
Poland,1994,3.58238937
Poland,1993,3.526133185
Poland,1992,3.437751983
Poland,1991,3.125313233
Poland,1990,2.489585902
Portugal,2020,0.973808319
Portugal,2019,0.827363686
Portugal,2018,1.103589326
Portugal,2017,1.067114817
Portugal,2016,0.97468476
Portugal,2015,1.388823653
Portugal,2014,0.887766271
Portugal,2013,1.848268459
Portugal,2012,1.608053089
Portugal,2011,1.483609056
Portugal,2010,1.62620022
Portugal,2009,1.816441083
Portugal,2008,1.733535647
Portugal,2007,2.628083251
Portugal,2006,2.224629966
Portugal,2005,2.018111522
Portugal,2004,2.071955135
Portugal,2003,2.293105215
Portugal,2002,1.62477655
Portugal,2001,1.597122279
Portugal,2000,1.612917383
Portugal,1999,1.535658624
Portugal,1998,1.906626896
Portugal,1997,1.75688656
Portugal,1996,1.632484244
Portugal,1995,1.532396488
Portugal,1994,2.132408641
Puerto Rico,2020,32.69067515
Puerto Rico,2019,37.93034848
Puerto Rico,2018,38.95542364
Puerto Rico,2017,43.15474285
Puerto Rico,2016,39.63036126
Puerto Rico,2015,34.59180768
Puerto Rico,2014,38.35781488
Puerto Rico,2013,50.41474958
Puerto Rico,2012,53.26724842
Puerto Rico,2011,62.07841007
Puerto Rico,2010,54.2382474
Puerto Rico,2009,50.21505994
Puerto Rico,2008,44.94216193
Puerto Rico,2007,39.95796687
Puerto Rico,2006,40.53553038
Puerto Rico,2005,41.51404285
Puerto Rico,2004,42.24106567
Puerto Rico,2003,41.2575452
Puerto Rico,2002,41.07615177
Puerto Rico,2001,39.74373155
Puerto Rico,2000,35.81888344
Puerto Rico,1999,29.24741627
Puerto Rico,1998,32.49985855
Puerto Rico,1997,36.70968556
Puerto Rico,1996,43.94253132
Puerto Rico,1995,43.93986832
Puerto Rico,1994,51.29384043
Puerto Rico,1993,48.49089699
Puerto Rico,1992,45.08029204
Puerto Rico,1991,40.88308565
Puerto Rico,1990,30.58211475
Qatar,2021,0.255927996
Qatar,2020,0.498655749
Qatar,2019,0.53503624
Qatar,2018,0.486713927
Qatar,2017,0.541461158
Qatar,2016,0.357959223
Qatar,2015,0.275151457
Qatar,2014,0.423772037
Qatar,2013,0.530750348
Qatar,2012,0.423969242
Qatar,2011,0.296103171
Qatar,2010,0.308174364
Qatar,2009,0.486395715
Qatar,2008,0.996468877
Qatar,2007,0.651210546
Qatar,2006,0.549755256
Qatar,2005,0.345198079
Qatar,2004,0.765247802
Qatar,2001,0.875663452
Romania,2021,1.797756753
Romania,2020,1.96686199
Romania,2019,1.830515433
Romania,2018,1.769628312
Romania,2017,1.740036001
Romania,2016,2.242400466
Romania,2015,2.53146053
Romania,2014,2.251764407
Romania,2013,1.646804828
Romania,2012,1.323013147
Romania,2011,1.389022372
Romania,2010,1.78725093
Romania,2009,1.714944714
Romania,2008,2.014485756
Romania,2007,2.54766383
Romania,2006,2.439181551
Romania,2005,2.712616497
Romania,2004,3.232077113
Romania,2003,4.40706225
Romania,2002,3.942937202
Romania,2001,4.948181778
Romania,2000,3.917764245
Romania,1999,3.773040424
Romania,1998,3.680061526
Romania,1997,4.355213084
Romania,1996,4.606563462
Romania,1995,5.000646368
Romania,1994,5.019282406
Romania,1993,4.843036115
Romania,1992,5.61994173
Romania,1991,5.752227504
Romania,1990,5.39689324
Russian Federation,2021,10.80087974
Russian Federation,2020,11.72032559
Russian Federation,2019,12.22799542
Russian Federation,2018,12.98539407
Russian Federation,2017,14.53004216
Russian Federation,2016,17.39452802
Russian Federation,2015,18.42790229
Russian Federation,2014,18.42811016
Russian Federation,2013,18.01180988
Russian Federation,2012,18.0597072
Russian Federation,2011,18.27090505
Russian Federation,2010,18.61858775
Russian Federation,2009,19.70099141
Russian Federation,2008,20.70098462
Russian Federation,2007,28.97632167
Russian Federation,2006,32.59661944
Russian Federation,2005,40.17703272
Russian Federation,2004,44.16583028
Russian Federation,2003,46.642003
Russian Federation,2002,49.42870937
Russian Federation,2001,47.14285706
Russian Federation,2000,44.84210906
Russian Federation,1999,41.18299343
Russian Federation,1998,36.40716824
Russian Federation,1997,38.0345084
Russian Federation,1996,42.45591244
Russian Federation,1995,49.57000501
Russian Federation,1994,52.43300362
Russian Federation,1993,49.3287388
Russian Federation,1992,37.47008426
Russian Federation,1991,24.87097365
Russian Federation,1990,23.12579378
Samoa,2018,11.20463872
Samoa,2017,5.65402991
San Marino,2011,0
San Marino,2010,0
San Marino,2009,0
San Marino,2008,0
San Marino,2007,0
San Marino,2006,0
San Marino,2005,0
San Marino,2004,0
San Marino,2003,0
San Marino,2002,0
San Marino,2001,0
San Marino,2000,0
San Marino,1999,0
San Marino,1998,0
San Marino,1997,0
San Marino,1996,0
San Marino,1995,0
Sao Tome and Principe,2011,0
Sao Tome and Principe,2010,0
Sao Tome and Principe,2009,0
Sao Tome and Principe,2008,0
Sao Tome and Principe,2007,0
Sao Tome and Principe,2006,0
Saudi Arabia,2017,1.986812205
Serbia,2021,1.429751791
Serbia,2020,1.75771787
Serbia,2019,1.690634463
Serbia,2018,2.159874469
Serbia,2017,1.703884913
Serbia,2016,2.170192627
Serbia,2015,1.94036429
Serbia,2014,2.2373719
Serbia,2013,2.532648105
Serbia,2012,1.947371864
Serbia,2011,2.430559396
Serbia,2010,2.418955479
Serbia,2009,3.137006741
Serbia,2008,2.74452803
Serbia,2007,3.105332753
Serbia,2006,2.796083991
Serbia,2005,2.702487163
Serbia,2004,2.978130658
Serbia,2003,2.860030559
Serbia,2002,3.775072431
Serbia,2001,4.376761038
Serbia,2000,4.390427363
Seychelles,2014,26.46582713
Seychelles,2013,22.74103466
Seychelles,2012,7.184609668
Seychelles,2011,22.5484154
Seychelles,2010,16.19168557
Seychelles,2009,23.94262321
Seychelles,2008,10.45057206
Seychelles,2007,14.50451957
Seychelles,2006,14.48512619
Seychelles,2004,19.05074377
Singapore,2021,0.128721023
Singapore,2020,0.161811643
Singapore,2019,0.163048485
Singapore,2018,0.065806932
Singapore,2017,0.199153465
Singapore,2016,0.368517237
Singapore,2015,0.372656562
Singapore,2014,0.240677031
Singapore,2013,0.384907093
Singapore,2012,0.178267451
Singapore,2011,0.36359379
Singapore,2010,0.596217929
Singapore,2009,0.501358875
Singapore,2008,0.642713666
Singapore,2007,0.545207791
Singapore,2006,0.526643787
Slovak Republic,2021,1.16546392
Slovak Republic,2020,1.238426808
Slovak Republic,2019,2.027740999
Slovak Republic,2018,1.354042664
Slovak Republic,2017,2.072296783
Slovak Republic,2016,1.396808594
Slovak Republic,2015,1.134526906
Slovak Republic,2014,1.74187166
Slovak Republic,2013,1.819696854
Slovak Republic,2012,1.708250871
Slovak Republic,2011,2.167388559
Slovak Republic,2010,1.942247462
Slovak Republic,2009,1.754955556
Slovak Republic,2008,2.369350389
Slovak Republic,2007,2.065258339
Slovak Republic,2006,2.563468319
Slovak Republic,2005,2.334751727
Slovak Republic,2004,2.757026685
Slovak Republic,2003,3.447159828
Slovak Republic,2002,2.757428445
Slovak Republic,2001,3.254738421
Slovak Republic,2000,3.636729745
Slovenia,2021,0.281644522
Slovenia,2020,0.470368214
Slovenia,2019,0.661580686
Slovenia,2018,0.380193262
Slovenia,2017,0.956132635
Slovenia,2016,0.769778126
Slovenia,2015,0.871892792
Slovenia,2014,0.973003531
Slovenia,2013,0.877202387
Slovenia,2012,0.781251144
Slovenia,2011,0.881028375
Slovenia,2010,0.688765206
Slovenia,2009,0.594888421
Slovenia,2008,0.499484781
Slovenia,2007,1.60962799
Slovenia,2006,0.911278899
Slovenia,2005,1.018745425
Slovenia,2004,2.049156183
South Africa,2019,66.04521417
South Africa,2018,65.59834444
South Africa,2017,63.44376122
South Africa,2016,59.7304743
South Africa,2011,52.03739358
South Africa,2010,52.75741586
South Africa,2009,57.60574003
South Africa,2008,64.00150328
South Africa,2007,65.57987912
South Africa,2006,69.12051522
Spain,2021,0.82933268
Spain,2020,0.771128368
Spain,2019,0.887333031
Spain,2018,0.749676876
Spain,2017,0.848850042
Spain,2016,0.793288899
Spain,2015,0.793464518
Spain,2014,0.853567441
Spain,2013,0.788993789
Spain,2012,1.036827641
Spain,2011,1.114098683
Spain,2010,1.06465412
Spain,2009,1.202377199
Spain,2008,1.231306591
Spain,2007,1.408472464
Spain,2006,1.443678846
Spain,2005,1.805811886
Spain,2004,1.572859986
Spain,2003,2.005175135
Spain,2002,2.113488316
Spain,2001,2.21493113
Sri Lanka,2019,4.721833485
Sri Lanka,2018,3.946634776
Sri Lanka,2017,3.842004452
Sri Lanka,2016,3.863359541
Sri Lanka,2015,3.643795005
Sri Lanka,2014,4.163234795
Sri Lanka,2013,4.620065089
Sri Lanka,2012,4.954610859
Sri Lanka,2011,5.399161649
Sri Lanka,2010,5.914643738
Sri Lanka,2009,8.965928272
Sri Lanka,2008,16.65972847
St. Kitts and Nevis,2021,56.48490115
St. Kitts and Nevis,2020,43.34257975
St. Kitts and Nevis,2019,43.19747727
St. Kitts and Nevis,2018,81.84011027
St. Kitts and Nevis,2017,85.94572527
St. Kitts and Nevis,2016,120.0917844
St. Kitts and Nevis,2011,141.1372239
St. Kitts and Nevis,2010,81.51008151
St. Kitts and Nevis,2009,103.0839275
St. Kitts and Nevis,2004,47.629357
St. Kitts and Nevis,2003,43.38488904
St. Kitts and Nevis,2002,21.74905935
St. Kitts and Nevis,2001,17.5012579
St. Kitts and Nevis,1999,26.98630445
St. Kitts and Nevis,1997,18.50952083
St. Lucia,2021,69.7099168
St. Lucia,2020,52.91273339
St. Lucia,2019,51.92928586
St. Lucia,2018,37.36624582
St. Lucia,2017,51.11806569
St. Lucia,2016,31.91592434
St. Lucia,2015,26.31548838
St. Lucia,2014,39.05756396
St. Lucia,2013,32.29750617
St. Lucia,2012,37.85916297
St. Lucia,2011,45.06217097
St. Lucia,2010,45.17188783
St. Lucia,2009,38.91812779
St. Lucia,2004,40.65387459
St. Lucia,2003,41.95385513
St. Lucia,2002,44.17711737
St. Lucia,2000,26.05030291
St. Lucia,1999,17.90109644
St. Lucia,1998,15.48586914
St. Lucia,1997,10.42141601
St. Lucia,1996,14.47330333
St. Lucia,1995,17.29309806
St. Lucia,1994,9.425768705
St. Lucia,1993,10.9188931
St. Lucia,1992,15.24136784
St. Lucia,1991,9.848127801
St. Lucia,1990,12.84558183
St. Vincent and the Grenadines,2021,60.14020185
St. Vincent and the Grenadines,2020,52.40109294
St. Vincent and the Grenadines,2019,35.4242992
St. Vincent and the Grenadines,2018,50.13368984
St. Vincent and the Grenadines,2017,62.93266205
St. Vincent and the Grenadines,2016,66.3490513
St. Vincent and the Grenadines,2010,39.30922963
St. Vincent and the Grenadines,2009,34.77441101
St. Vincent and the Grenadines,2008,23.03167741
St. Vincent and the Grenadines,2007,54.88807733
St. Vincent and the Grenadines,2006,24.30748975
St. Vincent and the Grenadines,2005,33.19038178
St. Vincent and the Grenadines,2004,39.63146465
Suriname,2021,9.168694149
Suriname,2020,14.86838997
Suriname,2019,7.681094322
Suriname,2018,10.46093936
Suriname,2017,8.516857416
Suriname,2016,8.598230484
Suriname,2015,7.986319088
Suriname,2014,9.113964873
Suriname,2013,9.200217974
Suriname,2008,12.28485222
Suriname,2007,11.4377844
Sweden,2021,1.687999311
Sweden,2020,1.896898035
Sweden,2019,1.665580166
Sweden,2018,1.469146168
Sweden,2017,1.70390829
Sweden,2016,1.543393305
Sweden,2015,1.68310192
Sweden,2014,1.271796568
Sweden,2013,1.265446486
Sweden,2012,0.964616605
Sweden,2011,1.186548272
Sweden,2010,1.369781067
Sweden,2009,1.178023847
Sweden,2008,1.183193941
Sweden,2007,1.738836626
Sweden,2006,1.223817518
Sweden,2005,1.166721382
Sweden,2004,1.486709925
Sweden,2003,1.307898668
Sweden,2002,1.464852742
Sweden,2001,1.31024014
Sweden,2000,1.346927562
Sweden,1999,1.652563903
Switzerland,2021,0.394066791
Switzerland,2020,0.466635068
Switzerland,2019,0.470232463
Switzerland,2018,0.521090609
Switzerland,2017,0.596664763
Switzerland,2016,0.48223454
Switzerland,2015,0.658941031
Switzerland,2014,0.419988954
Switzerland,2013,0.6257798
Switzerland,2012,0.709751723
Switzerland,2011,0.589838115
Switzerland,2010,0.674918234
Switzerland,2009,0.630599361
Switzerland,2008,0.769361846
Switzerland,2007,0.673764797
Switzerland,2006,0.609434743
Switzerland,2005,1.030784021
Switzerland,2004,1.095683574
Switzerland,2003,0.936478428
Switzerland,2002,1.031553225
Switzerland,2001,1.396256032
Switzerland,2000,0.862287653
Switzerland,1999,1.472928988
Switzerland,1998,1.335776815
Switzerland,1997,1.382522432
Switzerland,1996,1.498501715
Switzerland,1995,1.227595894
Switzerland,1994,1.146156193
Switzerland,1993,1.814566513
Switzerland,1992,1.508440428
Switzerland,1991,1.650582235
Switzerland,1990,1.79654318
Tajikistan,2020,1.603669028
Tajikistan,2011,2.800606216
Tajikistan,2010,4.15243756
Tajikistan,2009,1.954468802
Tajikistan,2008,1.701501712
Tajikistan,2007,2.773385028
Tajikistan,2006,4.401900363
Tanzania,2020,5.758732913
Tanzania,2019,7.549866028
Tanzania,2018,7.636161121
Tanzania,2017,9.404635261
Tanzania,2016,10.44633856
Tanzania,2015,11.89070229
Tanzania,2013,13.23001229
Tanzania,2012,15.20643157
Tanzania,2011,15.74649856
Tanzania,2010,15.05226536
Thailand,2014,6.559535029
Thailand,2013,7.383696944
Thailand,2012,8.403563657
Thailand,2011,8.491143236
Thailand,2010,9.53955242
Thailand,2009,9.641865307
Thailand,2008,10.42185271
Thailand,2007,11.6863305
Thailand,2006,12.59198707
Thailand,2005,12.92329523
Thailand,2004,11.72867437
Thailand,2003,17.19177271
Thailand,2002,12.14505257
Thailand,2000,13.64628131
Thailand,1999,13.76349659
Thailand,1998,14.92642107
Thailand,1997,13.34957449
Thailand,1996,12.52396436
Thailand,1995,12.99398687
Tonga,2020,3.839324279
Tonga,2019,1.923298842
Tonga,2012,0
Tonga,2011,3.69819066
Tonga,2010,1.849454411
Tonga,2009,9.250522655
Tonga,2008,5.548465849
Tonga,2007,1.850036076
Tonga,2006,14.84422838
Tonga,2005,7.460111715
Tonga,2004,3.750726703
Tonga,2003,11.31808536
Tonga,2002,9.485596122
Tonga,2001,9.537070593
Tonga,2000,1.917821355
Trinidad and Tobago,2020,46.05068646
Trinidad and Tobago,2019,63.17354638
Trinidad and Tobago,2018,63.21410078
Trinidad and Tobago,2017,60.84792894
Trinidad and Tobago,2015,54.33574208
Trinidad and Tobago,2014,50.33324805
Trinidad and Tobago,2013,51.79148579
Trinidad and Tobago,2012,47.47796349
Trinidad and Tobago,2011,45.95850603
Trinidad and Tobago,2010,60.35607999
Trinidad and Tobago,2009,67.49974164
Trinidad and Tobago,2008,71.22186191
Trinidad and Tobago,2007,52.75787788
Trinidad and Tobago,2006,49.52524832
Trinidad and Tobago,2005,51.27140526
Trinidad and Tobago,2004,34.76098481
Tunisia,2020,7.434105263
Tunisia,2019,7.84876174
Turkiye,2021,4.005664461
Turkiye,2020,4.094068951
Turkiye,2019,3.749974577
Turkiye,2018,4.237110739
Turkiye,2017,5.130638239
Turkiye,2016,5.551664908
Turkiye,2015,4.548118873
Turkiye,2012,6.905748806
Turkiye,2011,6.529511047
Turkiye,2010,6.610413678
Turkiye,2008,7.499622298
Turkiye,2007,8.428052184
Turkiye,2006,7.483252451
Turkiye,2005,7.810937546
Turkiye,2004,6.775105586
Turkiye,2003,6.689673313
Turkmenistan,2015,1.752396227
Turkmenistan,2014,2.534613992
Turkmenistan,2013,2.073368886
Turkmenistan,2012,1.853413868
Turkmenistan,2011,3.096544011
Turkmenistan,2010,2.883358906
Turks and Caicos Islands,2014,11.28827431
Turks and Caicos Islands,2013,17.6268398
Turks and Caicos Islands,2009,13.76083666
Turks and Caicos Islands,2008,7.163836951
Turks and Caicos Islands,2007,7.473003774
Turks and Caicos Islands,2002,18.94118761
Turks and Caicos Islands,1997,0
Turks and Caicos Islands,1996,12.31754634
Turks and Caicos Islands,1995,0
Turks and Caicos Islands,1994,13.48526735
Turks and Caicos Islands,1993,14.15328002
Turks and Caicos Islands,1992,14.87984525
Uganda,2017,19.67880369
Uganda,2016,18.66580915
Uganda,2014,20.2662794
Uganda,2013,17.63364582
Uganda,2012,19.69066003
Uganda,2011,18.35829569
Uganda,2010,16.08356669
Uganda,2008,16.0563257
Ukraine,2017,11.0696777
Ukraine,2010,6.573743528
Ukraine,2009,7.261283185
Ukraine,2008,8.134694239
Ukraine,2006,9.535374372
Ukraine,2005,9.564564501
Ukraine,2004,10.88790622
Ukraine,2003,12.61216905
Ukraine,2002,13.43525882
Ukraine,2001,15.03462662
Ukraine,2000,13.73598691
Ukraine,1999,13.13443168
Ukraine,1998,13.01897223
Ukraine,1997,13.09078014
Ukraine,1996,15.15463528
Ukraine,1995,13.79260126
Ukraine,1994,12.9772328
Ukraine,1993,11.22433048
Ukraine,1992,10.29544596
Ukraine,1991,7.860642004
Ukraine,1990,7.461140821
United Arab Emirates,2021,0.522110056
United Arab Emirates,2020,0.787599964
United Arab Emirates,2019,0.667306764
United Arab Emirates,2015,0.791829246
United Arab Emirates,2014,0.708026488
United Arab Emirates,2013,0.616834115
United Arab Emirates,2012,0.833274471
United Arab Emirates,2011,0.581666781
United Arab Emirates,2010,0.794390979
United Kingdom,2020,1.443133077
United Kingdom,2019,1.710539114
United Kingdom,2018,1.503746487
United Kingdom,2017,1.715543388
United Kingdom,2016,1.810742548
United Kingdom,2015,1.415243856
United Kingdom,2014,1.196965989
United Kingdom,2013,1.193912243
United Kingdom,2012,1.244106109
United Kingdom,2011,1.437046259
United Kingdom,2010,1.536335939
United Kingdom,2009,1.575039219
United Kingdom,2008,1.547896919
United Kingdom,2007,1.783776722
United Kingdom,2006,1.797632887
United Kingdom,2005,1.803903992
United States,2021,10.76244359
United States,2020,10.34234112
United States,2019,7.894991723
United States,2018,7.706149137
United States,2017,8.329064163
United States,2016,8.4598649
United States,2015,7.81919858
United States,2014,6.901257999
United States,2013,7.071833601
United States,2012,7.398454799
United States,2011,7.369908952
United States,2010,7.444892456
United States,2009,7.81016173
United States,2008,8.552866281
United States,2007,9.017945077
United States,2006,9.246798866
United States,2005,9.013994899
United States,2004,8.700571305
United States,2003,8.951839556
United States,2002,8.780014655
United States,2001,10.36589084
United States,2000,8.542611373
United States,1999,8.54347025
United States,1998,9.462798876
United States,1997,10.502437
United States,1996,11.46554502
United States,1995,12.70753019
United States,1994,14.22920096
United States,1993,14.93813245
United States,1992,14.81657971
United States,1991,15.63608763
United States,1990,15.05263233
Uruguay,2021,15.96874705
Uruguay,2020,18.07048755
Uruguay,2019,20.85408948
Uruguay,2018,21.95655859
Uruguay,2017,13.77931996
Uruguay,2016,13.45684535
Uruguay,2015,14.78434028
Uruguay,2014,13.25125292
Uruguay,2013,12.62263797
Uruguay,2012,14.07770586
Uruguay,2011,9.742775316
Uruguay,2010,10.14191884
Uruguay,2009,11.22357074
Uruguay,2008,11.00350745
Uruguay,2007,10.09454602
Uruguay,2006,9.92675119
Uzbekistan,2021,1.759335408
Uzbekistan,2020,1.717194724
Uzbekistan,2019,1.564080231
Uzbekistan,2018,1.835839593
Uzbekistan,2017,2.415408303
Uzbekistan,2016,3.171508238
Uzbekistan,2015,3.294786378
Vanuatu,2020,0
Vanuatu,2019,0.652958883
"Venezuela, RB",2017,89.97765377
"Venezuela, RB",2016,106.5167093
"Venezuela, RB",2015,96.16430758
"Venezuela, RB",2012,103.0495914
"Venezuela, RB",2011,91.64793237
"Venezuela, RB",2010,85.81874483
"Venezuela, RB",2009,93.53754682
"Venezuela, RB",2008,99.31468637
"Venezuela, RB",2007,90.76411511
"Venezuela, RB",2006,85.51473839
"Venezuela, RB",2005,70.52372998
"Venezuela, RB",2004,69.49783167
"Venezuela, RB",2003,82.53625193
"Venezuela, RB",2002,69.15369598
"Venezuela, RB",2001,59.984036
"Venezuela, RB",2000,61.28020455
"Venezuela, RB",1999,46.21434771
"Venezuela, RB",1998,35.4345886
"Venezuela, RB",1997,33.51425338
"Venezuela, RB",1996,40.68958022
"Venezuela, RB",1994,40.58771345
"Venezuela, RB",1993,37.52766509
"Venezuela, RB",1992,29.23442735
"Venezuela, RB",1990,23.09978926
Virgin Islands (U.S.),2012,99.9590168
Virgin Islands (U.S.),2011,83.33664034
Virgin Islands (U.S.),2010,96.57551121
Virgin Islands (U.S.),2009,94.25070688
Virgin Islands (U.S.),2008,86.32020874
Virgin Islands (U.S.),2007,78.44136998
Virgin Islands (U.S.),2006,76.48633542
Virgin Islands (U.S.),2005,66.72685167
Virgin Islands (U.S.),2004,70.51978962
Virgin Islands (U.S.),2003,54.61123626
Virgin Islands (U.S.),2002,69.97968645
Virgin Islands (U.S.),2001,50.44038335
Virgin Islands (U.S.),2000,38.70755475
Virgin Islands (U.S.),1999,44.5723477
Virgin Islands (U.S.),1998,44.87980019
Virgin Islands (U.S.),1997,47.21249557
West Bank and Gaza,2021,1.406016854
West Bank and Gaza,2020,1.358575669
West Bank and Gaza,2019,1.14434596
West Bank and Gaza,2018,0.877299805
West Bank and Gaza,2017,1.239097809
West Bank and Gaza,2015,2.105311252
West Bank and Gaza,2012,1.055060237
West Bank and Gaza,2011,1.024038427
West Bank and Gaza,2010,1.124948649
Zimbabwe,2021,10.92303561
Zimbabwe,2020,8.584714374
Zimbabwe,2019,8.614503658
Zimbabwe,2018,8.058139974
Zimbabwe,1990,8.302434679