Country Name,Year,Female Value
World,2020,2.015786307
World,2019,2.045237022
World,2018,2.089601636
World,2017,2.112608766
World,2016,2.159112974
World,2015,2.13767806
World,2014,2.208701871
World,2013,2.245553882
World,2012,2.306207841
World,2011,2.328765975
World,2010,2.36203016
World,2009,2.400612795
World,2008,2.241586349
World,2007,2.302564724
World,2006,2.326517036
World,2005,2.413629748
World,2004,2.532575842
World,2003,2.553788119
World,2002,2.626618481
World,2001,2.677088285
World,2000,2.638696296
World,1999,2.622789992
World,1998,2.672092472
World,1997,2.672693541
World,1996,2.742210848
World,1995,2.820508548
World,1994,2.848598865
World,1993,2.871968216
World,1992,2.773525089
World,1991,2.681766021
World,1990,2.596193615
Afghanistan,2019,1.27415204
Afghanistan,2018,1.43905348
Albania,2021,0.839892074
Albania,2020,0.628017318
Albania,2019,0.905798364
Albania,2018,1.044710838
Albania,2017,0.905178701
Albania,2016,1.183515165
Albania,2015,1.113664419
Albania,2014,0.834857818
Albania,2013,1.38994631
Albania,2012,1.803273288
Albania,2011,1.244159793
Albania,2010,0.756378939
Albania,2009,0.477982586
Albania,2008,1.286367819
Albania,2007,1.609187927
Albania,2006,1.525848538
Albania,2005,1.377765618
Albania,2004,1.232684833
Albania,2003,1.347514317
Albania,2002,2.476082
Albania,2001,2.451807831
Albania,2000,0.810257107
Albania,1999,4.022185136
Albania,1998,5.352008357
Albania,1997,10.83945119
Albania,1996,1.709849005
Albania,1995,1.585886102
Albania,1994,0.732063305
Albania,1993,0.977281265
Albania,1992,0.857218607
Algeria,2021,0.737982718
Algeria,2020,0.572265755
Algeria,2019,0.410531263
Algeria,2018,0.418198359
Algeria,2017,0.277568039
Algeria,2016,0.379113093
Algeria,2015,0.366150708
Algeria,2014,0.449797577
Algeria,2013,0.209345039
Algeria,2012,0.28470418
American Samoa,2019,0
American Samoa,2018,4.116920543
American Samoa,2017,4.038364462
American Samoa,2016,0
Andorra,2015,0
Andorra,2014,0
Andorra,2013,0
Andorra,2012,0
Andorra,2011,0
Andorra,2010,0
Andorra,2009,0
Andorra,2008,2.712710405
Andorra,2007,0
Antigua and Barbuda,2021,10.26514879
Antigua and Barbuda,2020,2.064899801
Antigua and Barbuda,2019,2.076605995
Antigua and Barbuda,2018,6.261740764
Antigua and Barbuda,2017,4.196523181
Antigua and Barbuda,2016,4.220477758
Antigua and Barbuda,2015,2.123705867
Antigua and Barbuda,2008,11.39380405
Antigua and Barbuda,2002,3.056683132
Antigua and Barbuda,2001,1.92597912
Antigua and Barbuda,1997,0
Antigua and Barbuda,1996,2.730226336
Antigua and Barbuda,1995,5.589871153
Antigua and Barbuda,1994,2.859307762
Antigua and Barbuda,1993,0
Antigua and Barbuda,1992,2.986233464
Antigua and Barbuda,1991,6.075980132
Antigua and Barbuda,1990,3.045623439
Argentina,2021,1.3472174
Argentina,2020,1.631555928
Argentina,2019,1.805937018
Argentina,2018,1.765757547
Argentina,2017,1.833784719
Argentina,2015,1.770782501
Armenia,2021,0.912364164
Armenia,2020,1.038895939
Armenia,2019,0.646899991
Armenia,2018,0.708962739
Armenia,2017,0.706532438
Armenia,2016,0.896592468
Armenia,2015,1.341454884
Armenia,2014,1.274875206
Armenia,2013,1.208503412
Armenia,2012,1.205172346
Armenia,2011,1.201464016
Armenia,2010,0.630031391
Armenia,2009,1.569122678
Armenia,2008,1.647612588
Armenia,2007,0.808759236
Armenia,2006,1.609338123
Armenia,2005,0.677711099
Armenia,2004,1.349854323
Armenia,2003,0.663445493
Armenia,2002,1.190926413
Armenia,2001,1.109468588
Armenia,2000,1.545974972
Armenia,1999,1.141565736
Armenia,1998,0.909019201
Armenia,1997,1.259337836
Armenia,1996,1.328539808
Armenia,1995,1.096748814
Armenia,1994,1.392821034
Armenia,1993,2.999404102
Armenia,1991,1.593753088
Armenia,1990,1.240795863
Aruba,2014,0
Aruba,2013,1.853465053
Aruba,2012,1.869875373
Aruba,2011,0
Aruba,2010,0
Aruba,2009,1.92605861
Aruba,2008,1.950382275
Aruba,2007,0
Aruba,2006,1.999380192
Aruba,2005,2.023717975
Aruba,2004,0
Aruba,2003,2.067226196
Aruba,2002,2.090672465
Aruba,2001,4.239264064
Aruba,1999,2.219731191
Aruba,1995,0
Aruba,1990,0
Australia,2021,0.375382838
Australia,2020,0.57223102
Australia,2019,0.532154205
Australia,2018,0.667244707
Australia,2017,0.508409866
Australia,2016,0.656380097
Australia,2015,0.708895783
Australia,2014,0.796339886
Australia,2013,0.809271218
Australia,2012,0.726894456
Australia,2011,0.801458369
Australia,2010,0.850072258
Australia,2009,0.700070736
Australia,2008,0.945901771
Australia,2007,0.814531004
Australia,2006,0.901576833
Australia,2005,0.929115803
Australia,2004,0.922172507
Australia,2003,0.97109928
Australia,2002,1.234778022
Australia,2001,1.196594594
Australia,2000,1.420056285
Australia,1999,1.305156277
Australia,1998,1.136705712
Australia,1997,1.314261266
Australia,1996,1.232984937
Australia,1995,1.545186212
Australia,1994,1.285044334
Australia,1993,1.33853037
Australia,1992,1.33508888
Australia,1991,1.650734767
Australia,1990,1.61469598
Austria,2021,0.88281288
Austria,2020,0.817693021
Austria,2019,0.886526493
Austria,2018,0.979364348
Austria,2017,0.827368362
Austria,2016,0.697567167
Austria,2015,0.3858364
Austria,2014,0.503629336
Austria,2013,0.668178055
Austria,2012,0.879855398
Austria,2011,0.813410112
Austria,2010,0.769143367
Austria,2009,0.657194515
Austria,2008,0.678895446
Austria,2007,0.568949053
Austria,2006,0.686159406
Austria,2005,0.571905993
Austria,2004,0.759436383
Austria,2003,0.559976459
Austria,2002,0.905412084
Austria,2001,1.008497767
Austria,2000,1.295243723
Austria,1999,0.769202039
Austria,1998,0.820702925
Austria,1997,0.905161484
Austria,1996,1.22710765
Austria,1995,0.92549596
Austria,1994,1.275642481
Austria,1993,0.847056756
Austria,1992,1.049979243
Austria,1991,1.160520922
Austria,1990,0.996013398
Azerbaijan,2021,1.320886625
Azerbaijan,2020,1.517109733
Azerbaijan,2019,1.157930643
Azerbaijan,2018,1.263578242
Azerbaijan,2017,1.488506623
Azerbaijan,2016,1.403163026
Azerbaijan,2015,1.438277088
Azerbaijan,2014,1.758128769
Azerbaijan,2013,1.431978661
Azerbaijan,2012,1.201454879
Azerbaijan,2011,1.573028806
Azerbaijan,2010,1.316129818
"Bahamas, The",2021,2.81851577
"Bahamas, The",2020,5.189523767
"Bahamas, The",2019,2.846023039
"Bahamas, The",2018,1.43368833
"Bahamas, The",2017,2.891162199
"Bahamas, The",2016,3.402418634
"Bahamas, The",2015,7.849158791
"Bahamas, The",2014,5.450360839
"Bahamas, The",2013,7.505892125
"Bahamas, The",2012,5.055368928
"Bahamas, The",2011,8.184268812
"Bahamas, The",2010,6.741532247
"Bahamas, The",2009,5.265860112
"Bahamas, The",2008,3.743916136
"Bahamas, The",2007,4.345688669
"Bahamas, The",2006,2.757829478
"Bahamas, The",2005,4.478581185
"Bahamas, The",2004,1.136069936
"Bahamas, The",2003,3.457894373
"Bahamas, The",2002,7.152946679
"Bahamas, The",2001,3.059373184
"Bahamas, The",2000,9.898212269
"Bahamas, The",1997,4.33021027
"Bahamas, The",1996,4.801429885
"Bahamas, The",1995,4.368576827
"Bahamas, The",1994,3.722027532
"Bahamas, The",1993,4.091694882
Bahrain,2021,0.180304932
Bahrain,2020,0
Bahrain,2019,0.178323368
Bahrain,2018,0
Bahrain,2017,0.183608532
Bahrain,2016,0.187745653
Bahrain,2015,0
Bahrain,2014,0
Bahrain,2013,0.210788137
Bahrain,2012,0.217620279
Bahrain,2011,0.218212923
Bahrain,2010,0.217559203
Barbados,2021,4.099312682
Barbados,2020,2.052474943
Barbados,2019,3.425666463
Barbados,2018,2.744387727
Barbados,2017,1.374169057
Barbados,2016,1.376325143
Barbados,2015,2.067917297
Barbados,2014,2.071479865
Barbados,2013,4.842229778
Barbados,2012,1.386169494
Barbados,2011,1.389009463
Barbados,2010,5.568335659
Barbados,2009,2.094994012
Barbados,2008,2.806387338
Barbados,2007,4.229864962
Barbados,2006,1.077455672
Barbados,2005,6.511169462
Barbados,2004,0.628295427
Barbados,2003,7.887594606
Barbados,2002,5.401687487
Barbados,2001,3.229840627
Barbados,2000,3.62852602
Barbados,1995,3.66684512
Barbados,1994,4.412251351
Barbados,1993,3.688798226
Barbados,1992,2.961120488
Barbados,1991,6.685410577
Barbados,1990,8.186198813
Belarus,2019,1.671059119
Belarus,2018,1.610662741
Belarus,2017,1.800579844
Belarus,2016,2.030660094
Belarus,2015,2.223990337
Belarus,2014,2.225691231
Belarus,2013,1.977005317
Belarus,2012,2.418319809
Belarus,2011,2.243865617
Belarus,2010,2.603780268
Belarus,2009,3.782906269
Belarus,2008,3.487178569
Belarus,2007,4.206462939
Belgium,2021,0.187183877
Belgium,2019,0.942961946
Belgium,2018,1.257409566
Belgium,2017,1.592423939
Belgium,2016,1.165817737
Belgium,2015,1.836772822
Belgium,2014,1.425869241
Belgium,2013,1.747960153
Belgium,2012,1.375536896
Belgium,2011,1.654273515
Belgium,2010,1.252644199
Belgium,2009,1.382657121
Belgium,2008,1.304093603
Belgium,2007,1.606671764
Belgium,2006,1.62508098
Belgium,2005,1.716884643
Belgium,2004,2.368412002
Belgium,2003,1.773497671
Belgium,2002,2.497124081
Belgium,2001,1.951835394
Belgium,2000,1.588748391
Belize,2021,5.533185279
Belize,2020,5.609082635
Belize,2019,8.801404083
Belize,2018,10.01544487
Belize,2017,5.910610082
Belize,2016,8.218525103
Belize,2015,5.030588775
Belize,2014,6.846442845
Belize,2013,5.82682671
Belize,2012,8.333928614
Belize,2011,7.298914895
Belize,2010,10.02315426
Belize,2009,5.735278655
Belize,2004,10.35790252
Bermuda,2019,0
Bermuda,2017,0
Bermuda,2016,0
Bermuda,2015,0
Bermuda,2014,3.071960679
Bermuda,2013,0
Bermuda,2012,0
Bermuda,2011,6.128295874
Bermuda,2010,0
Bermuda,2009,3.07285745
Bermuda,2005,0
Bermuda,2004,3.10703744
Bermuda,1996,3.274501457
Bermuda,1992,3.374445326
Bermuda,1991,0
Bermuda,1990,0
Bhutan,2020,1.37703681
Bhutan,2019,0.555006716
Bhutan,2018,0.559492205
Bhutan,2017,1.129044095
Bhutan,2016,1.139188954
Bhutan,2015,0.574567351
Bolivia,2021,2.906530143
Bolivia,2020,2.574073378
Bolivia,2019,3.344185443
Bolivia,2018,3.758106448
Bolivia,2017,4.272903864
Bolivia,2016,3.893345897
Bolivia,2015,3.501783642
Bolivia,2008,2.801459934
Bosnia and Herzegovina,2021,0.42148984
Bosnia and Herzegovina,2020,0.296638551
Bosnia and Herzegovina,2019,0.585408974
Bosnia and Herzegovina,2018,0.462456482
Bosnia and Herzegovina,2017,0.570774953
Bosnia and Herzegovina,2016,0.84510994
Bosnia and Herzegovina,2015,1.000329831
Bosnia and Herzegovina,2014,0.602463418
Bosnia and Herzegovina,2013,0.755976262
Bosnia and Herzegovina,2012,1.275330251
Bosnia and Herzegovina,2011,0.834644421
Bosnia and Herzegovina,2010,0.512340883
Bosnia and Herzegovina,2009,0.75531154
Bosnia and Herzegovina,2002,1.16299084
Bosnia and Herzegovina,2001,1.349809072
Bosnia and Herzegovina,2000,0.93428431
Bosnia and Herzegovina,1990,0.705803625
Botswana,2021,7.6295808
Botswana,2020,8.839306068
Brazil,2020,3.528966355
Brazil,2019,3.465440504
Brazil,2018,4.227047461
Brazil,2017,4.654611563
Brazil,2016,4.420112968
Brazil,2015,4.433693109
Brazil,2014,4.680731098
Brazil,2013,4.656802383
Brazil,2012,4.655457803
Brazil,2011,4.493117206
Brazil,2010,4.486338028
Brazil,2009,4.326361587
Brazil,2008,4.125493243
Brazil,2007,3.908237806
Brazil,2006,4.207847253
Brazil,2005,4.111489176
Brazil,2004,4.104113788
Brazil,2003,4.266028982
Brazil,2002,4.244672812
Brazil,2001,4.279903535
Brazil,2000,4.217493777
Brazil,1999,4.040918367
Brazil,1998,4.061918527
Brazil,1997,4.222312884
Brazil,1996,4.401170597
Brazil,1995,3.702215952
Brazil,1994,3.210817498
Brazil,1993,3.014978931
Brazil,1992,2.799772582
Brazil,1991,3.24230307
Brazil,1990,3.128190419
British Virgin Islands,2006,8.203445447
British Virgin Islands,2004,8.867999823
British Virgin Islands,2003,9.217439395
British Virgin Islands,2002,0
British Virgin Islands,2001,0
British Virgin Islands,1999,10.49923881
British Virgin Islands,1996,0
British Virgin Islands,1995,0
British Virgin Islands,1994,0
British Virgin Islands,1993,0
British Virgin Islands,1992,0
British Virgin Islands,1990,13.15876044
Brunei Darussalam,2000,1.265742675
Brunei Darussalam,1999,1.294368526
Brunei Darussalam,1998,0
Brunei Darussalam,1997,1.355821899
Brunei Darussalam,1996,2.083919436
Bulgaria,2021,0.789507669
Bulgaria,2020,0.723448769
Bulgaria,2019,0.63332661
Bulgaria,2018,1.0365128
Bulgaria,2017,0.945824267
Bulgaria,2016,0.589249859
Bulgaria,2015,0.769884354
Bulgaria,2014,0.684177578
Bulgaria,2013,0.887363667
Bulgaria,2012,0.957915162
Bulgaria,2011,0.770634213
Bulgaria,2010,0.688663075
Bulgaria,2009,0.887110387
Bulgaria,2008,0.906994172
Bulgaria,2007,0.951238274
Bulgaria,2006,1.342799072
Bulgaria,2005,1.284405868
Bulgaria,2004,1.402339168
Bulgaria,2003,1.264342391
Bulgaria,2002,1.370900192
Bulgaria,2001,1.485205302
Bulgaria,2000,2.319118343
Bulgaria,1999,2.080048547
Bulgaria,1998,2.340914724
Bulgaria,1997,2.195261003
Bulgaria,1996,1.91404078
Bulgaria,1995,1.78871696
Bulgaria,1994,2.246016088
Bulgaria,1993,2.065253375
Bulgaria,1992,2.261220268
Bulgaria,1991,2.078661903
Bulgaria,1990,1.177057542
Burundi,2016,2.238210363
Burundi,2015,1.442473465
Burundi,2014,1.927652007
Burundi,2013,1.894715726
Cabo Verde,2020,3.07277352
Cabo Verde,2019,1.723805058
Cabo Verde,2018,2.786325411
Cabo Verde,2017,2.465040444
Cabo Verde,2015,2.522622518
Cabo Verde,2014,5.467030163
Cabo Verde,2013,2.580902062
Cabo Verde,2012,3.797230598
Cabo Verde,2011,2.746056568
Cameroon,2020,2.266487672
Cameroon,2017,1.650954875
Cameroon,2016,0.983465383
Cameroon,2015,1.662511182
Canada,2021,1.026308614
Canada,2020,0.933787
Canada,2019,0.820911834
Canada,2018,0.901068861
Canada,2017,0.939629893
Canada,2016,0.851917057
Canada,2015,0.99426578
Canada,2014,0.863289575
Canada,2013,0.854539809
Canada,2012,0.897670431
Canada,2011,1.03983459
Canada,2010,0.904774551
Canada,2009,0.95603231
Canada,2008,0.877319518
Canada,2007,1.001511347
Canada,2006,0.987370465
Canada,2005,1.107755194
Canada,2004,1.242408341
Canada,2003,0.980655728
Canada,2002,1.309881062
Canada,2001,1.037301908
Canada,2000,0.961851889
Canada,1999,1.086674646
Canada,1998,1.218679101
Canada,1997,1.315312688
Canada,1996,1.38611224
Canada,1995,1.290213846
Canada,1994,1.398533594
Canada,1993,1.381709852
Canada,1992,1.665580295
Canada,1991,1.956365037
Canada,1990,1.692193614
Cayman Islands,2014,0
Cayman Islands,2013,0
Cayman Islands,2010,0
Cayman Islands,2009,3.763855694
Cayman Islands,2008,0
Cayman Islands,2007,3.980337135
Cayman Islands,2006,4.098360656
Cayman Islands,2005,0
Cayman Islands,2004,4.354642048
Cayman Islands,2003,4.492766646
Cayman Islands,2001,4.789616112
Cayman Islands,2000,4.952701699
Cayman Islands,1998,0
Cayman Islands,1997,0
Cayman Islands,1996,0
Cayman Islands,1995,0
Cayman Islands,1994,0
Cayman Islands,1993,0
Cayman Islands,1992,0
Cayman Islands,1991,0
Cayman Islands,1990,0
Central African Republic,2016,10.61669915
Chile,2021,0.672223511
Chile,2020,1.14193325
Chile,2019,0.990710111
Chile,2018,0.997860915
Chile,2017,1.145426046
Chile,2016,0.987714532
Chile,2015,0.544191939
Chile,2014,0.706946972
Chile,2013,1.224244878
Chile,2012,0.423506366
Chile,2011,1.329208011
Chile,2010,1.120686299
Chile,2009,1.171636411
Chile,2008,1.227282831
Chile,2007,1.335974149
Chile,2006,1.106074757
Chile,2005,1.018855267
Colombia,2021,4.095578229
Colombia,2020,3.780377514
Colombia,2019,4.32539136
Colombia,2018,4.38548897
Colombia,2017,4.449056556
Colombia,2016,4.301478651
Colombia,2015,4.478484186
Colombia,2014,4.966684051
Colombia,2013,5.229279312
Colombia,2012,5.991361468
Colombia,2011,5.885511691
Colombia,2010,5.413239818
Colombia,2009,5.628027326
Colombia,2008,5.703003657
Colombia,2007,6.334710024
Colombia,2006,6.128887445
Colombia,2005,7.00451331
Colombia,2004,7.755377585
Colombia,2003,9.662712905
Colombia,2002,10.99703083
Colombia,2001,11.03408416
Colombia,2000,9.744449231
Colombia,1999,9.25172233
Colombia,1998,9.045035532
Colombia,1997,9.284182103
Colombia,1996,9.480274462
Colombia,1995,9.161115121
Colombia,1994,11.29044221
Colombia,1993,12.1794514
Colombia,1992,12.50640098
Colombia,1991,12.12399401
Colombia,1990,11.24647897
Costa Rica,2021,2.174574871
Costa Rica,2020,2.423311001
Costa Rica,2019,1.891136715
Costa Rica,2018,2.58422383
Costa Rica,2017,2.328398534
Costa Rica,2016,2.676490197
Costa Rica,2015,1.721189793
Costa Rica,2014,2.112648489
Costa Rica,2013,1.508101648
Costa Rica,2012,2.119368335
Costa Rica,2011,2.746240118
Costa Rica,2010,2.650755183
Costa Rica,2009,2.597733676
Costa Rica,2008,2.67844767
Costa Rica,2007,1.675190519
Costa Rica,2006,2.06674009
Costa Rica,2005,2.852645555
Costa Rica,2004,1.833912047
Costa Rica,2003,1.814001753
Costa Rica,2002,1.654340677
Costa Rica,2001,1.412238976
Costa Rica,2000,2.038595104
Costa Rica,1999,1.661002804
Costa Rica,1998,1.434364258
Costa Rica,1997,1.048561236
Costa Rica,1996,1.01490021
Costa Rica,1995,1.507592294
Costa Rica,1994,1.428614148
Costa Rica,1993,1.14121981
Costa Rica,1992,1.498561183
Costa Rica,1991,1.540394752
Costa Rica,1990,1.774656878
Croatia,2021,0.672014946
Croatia,2020,0.903379089
Croatia,2019,0.659676608
Croatia,2018,0.373770296
Croatia,2017,0.833603483
Croatia,2016,0.918330356
Croatia,2015,0.682982823
Croatia,2014,0.767922348
Croatia,2013,0.942160751
Croatia,2012,0.802578775
Croatia,2011,0.931161245
Croatia,2010,1.412215576
Croatia,2009,1.05507491
Croatia,2008,1.051648196
Croatia,2007,1.048265644
Croatia,2006,1.393196976
Croatia,2005,1.171825157
Croatia,2004,1.600421473
Croatia,2003,0.94940705
Croatia,2002,1.354273766
Croatia,2001,1.190841581
Croatia,2000,1.360404352
Croatia,1999,1.196766719
Croatia,1998,1.42870733
Croatia,1997,1.287032484
Croatia,1996,1.564908091
Croatia,1995,1.817750075
Croatia,1994,1.23502737
Croatia,1993,2.237621176
Croatia,1992,3.819651754
Croatia,1991,4.960795525
Croatia,1990,1.721270836
Cuba,2019,1.845857049
Cuba,2018,1.897705086
Cuba,2017,2.283963013
Cuba,2016,2.12595623
Cuba,2015,2.443796204
Cuba,2014,2.745651552
Cuba,2013,2.590567199
Cuba,2012,2.435481793
Cuba,2011,2.332539769
Cuba,2010,2.228810973
Cuba,2009,2.709009368
Cuba,2008,2.126674291
Cuba,2007,2.465746742
Cuba,2006,2.362140465
Cuba,2005,2.988793891
Cuba,2004,2.603280936
Cuba,2003,2.735564756
Cuba,2002,3.318538333
Cuba,2001,2.862970404
Cuba,2000,2.802412642
Cuba,1999,2.887145828
Cuba,1998,3.410419141
Cuba,1997,2.985458983
Cuba,1996,3.053193903
Cuba,1995,3.860637631
Cuba,1994,3.915572827
Cuba,1993,3.412771336
Cuba,1992,3.300805706
Curacao,2007,3.654102644
Curacao,2006,3.718854593
Curacao,2005,7.568256211
Curacao,2004,8.971196053
Curacao,2003,2.600577328
Curacao,2002,7.900090193
Curacao,2001,2.648410292
Cyprus,2021,1.127153366
Cyprus,2020,0.809578938
Cyprus,2019,1.630790632
Cyprus,2018,0.986451094
Cyprus,2017,0
Cyprus,2016,0.836556866
Cyprus,2015,0.506464171
Cyprus,2014,0.851518939
Cyprus,2013,0.515340395
Cyprus,2012,0.866714105
Cyprus,2011,1.050690566
Cyprus,2010,0.177590558
Cyprus,2009,1.264902128
Cyprus,2008,0.367770438
Cyprus,2007,0.561493873
Cyprus,2006,0.762172611
Cyprus,2005,0.388062047
Cyprus,2004,0.790597425
Czechia,2021,0.506156171
Czechia,2020,0.729863009
Czechia,2019,0.729299193
Czechia,2017,0.560739593
Czechia,2016,0.672781943
Czechia,2015,0.915575785
Czechia,2014,0.840936725
Czechia,2013,0.953082727
Czechia,2012,0.897254122
Czechia,2011,0.823426252
Czechia,2010,0.994303019
Czechia,2009,0.715292435
Czechia,2008,0.830997255
Czechia,2007,1.042042039
Czechia,2006,1.025586289
Czechia,2005,0.85602383
Czechia,2004,0.949970852
Czechia,2003,1.105140915
Czechia,2002,1.105383867
Czechia,2001,0.895773256
Czechia,2000,0.933008824
Czechia,1999,1.169204326
Czechia,1998,0.923692846
Czechia,1997,1.20179851
Czechia,1996,1.046644598
Czechia,1995,1.095129979
Czechia,1994,1.560512402
Denmark,2021,0.50984277
Denmark,2020,0.580529815
Denmark,2019,0.926506581
Denmark,2018,0.689568976
Denmark,2017,0.692882332
Denmark,2016,0.800782817
Denmark,2015,0.817773789
Denmark,2014,1.089287107
Denmark,2013,0.458705804
Denmark,2012,0.566839901
Denmark,2011,0.533631408
Denmark,2010,0.785984608
Denmark,2009,0.50222927
Denmark,2008,0.618848839
Denmark,2007,0.61468671
Denmark,2006,0.399218838
Denmark,2005,0.65569853
Denmark,2004,0.621515514
Denmark,2003,1.027116047
Denmark,2002,0.551874451
Denmark,2001,0.704896545
Denmark,2000,1.184887647
Denmark,1999,1.060832948
Denmark,1998,0.78824677
Denmark,1997,1.572186376
Denmark,1996,0.975461077
Denmark,1995,0.716526881
Denmark,1994,0.94639057
Denmark,1993,0.987755254
Denmark,1992,1.219641875
Denmark,1991,1.643961205
Denmark,1990,0.958202627
Dominica,2021,5.498584115
Dominica,2020,2.769162605
Dominica,2019,2.796811635
Dominica,2018,5.654429539
Dominica,2017,5.697356427
Dominica,2016,2.865699016
Dominica,2015,2.868370479
Dominica,2014,5.806442248
Dominica,2011,0
Dominica,2010,5.508468352
Dominica,2008,5.861836513
Dominica,2003,6.693846472
Dominica,2002,0
Dominica,2001,2.933153433
Dominican Republic,2021,2.56519108
Dominican Republic,2020,2.339103701
Dominican Republic,2019,2.680483419
Dominican Republic,2018,2.841898901
Dominican Republic,2017,3.612759472
Dominican Republic,2016,3.253930724
Dominican Republic,2014,3.669283369
Dominican Republic,2012,4.048327769
Dominican Republic,2011,4.756497442
Dominican Republic,2010,4.349726782
Dominican Republic,2009,3.778230746
Dominican Republic,2008,3.985274411
Dominican Republic,2007,3.763589178
Dominican Republic,2006,3.934218555
Dominican Republic,2005,4.747464765
Ecuador,2021,2.547441182
Ecuador,2020,1.875330847
Ecuador,2019,1.718376835
Ecuador,2018,1.622380289
Ecuador,2017,2.348361589
Ecuador,2016,2.153950378
Ecuador,2015,2.124591348
Ecuador,2014,2.331768249
Ecuador,2013,3.219159419
Ecuador,2012,2.984756037
Ecuador,2011,3.269573585
Ecuador,2010,3.163909326
Ecuador,2009,3.74973755
Ecuador,2008,2.941093623
Ecuador,2007,3.223537596
Ecuador,2006,3.179410807
Ecuador,2005,2.409096993
Ecuador,2004,3.22458538
Ecuador,2003,2.746173356
Ecuador,2002,2.84116412
Ecuador,2001,2.311180879
Ecuador,2000,2.295118563
Ecuador,1994,1.634658694
Ecuador,1993,1.466495776
Ecuador,1992,1.433494403
Ecuador,1991,2.076796033
Ecuador,1990,1.598790698
"Egypt, Arab Rep.",2021,0.548128953
"Egypt, Arab Rep.",2020,0.31068922
"Egypt, Arab Rep.",2012,0.581523624
"Egypt, Arab Rep.",2011,0.751744132
"Egypt, Arab Rep.",2010,0.457324121
"Egypt, Arab Rep.",2009,0.457290295
"Egypt, Arab Rep.",2008,0.266849185
"Egypt, Arab Rep.",2007,0.401793235
"Egypt, Arab Rep.",2006,0.362020122
"Egypt, Arab Rep.",2005,0.161524123
"Egypt, Arab Rep.",2004,0.135997317
El Salvador,2021,4.021193808
El Salvador,2020,3.975358241
El Salvador,2019,6.99581787
El Salvador,2018,11.75373131
El Salvador,2017,14.31203002
El Salvador,2016,16.04107495
El Salvador,2015,17.66365452
El Salvador,2014,9.066318734
El Salvador,2013,6.718902782
El Salvador,2012,10.01062619
El Salvador,2011,19.6017719
El Salvador,2010,17.61005265
El Salvador,2009,18.62108652
El Salvador,2008,10.00993257
El Salvador,2007,10.77998588
El Salvador,2006,14.21872022
El Salvador,2005,12.65428595
Estonia,2021,0.572630687
Estonia,2020,1.429381071
Estonia,2019,0.857700362
Estonia,2018,0.715566578
Estonia,2017,1.145803495
Estonia,2016,1.28796823
Estonia,2015,1.532568459
Estonia,2014,1.285916358
Estonia,2013,2.562476377
Estonia,2012,2.409532678
Estonia,2011,1.975956839
Estonia,2010,2.306620008
Estonia,2009,3.028102819
Estonia,2008,2.642261267
Estonia,2007,2.676206227
Estonia,2006,3.443956235
Estonia,2005,3.929030361
Estonia,2004,2.1762326
Estonia,2003,5.420542362
Estonia,2002,4.361629288
Estonia,2001,4.017464416
Estonia,2000,3.431121229
Estonia,1999,5.44332262
Estonia,1998,5.393229871
Estonia,1997,5.138154089
Estonia,1996,6.188649988
Estonia,1995,4.153973968
Estonia,1994,7.845117893
Fiji,2014,2.652364528
Fiji,2013,1.774870934
Fiji,2012,1.559294397
Fiji,2011,2.013663828
Fiji,2010,1.349139249
Fiji,2009,1.809039999
Fiji,2008,2.276265831
Fiji,2007,4.12665152
Fiji,2006,2.772867492
Fiji,2005,2.097877647
Finland,2019,1.001510313
Finland,2018,0.858903763
Finland,2017,1.074335801
Finland,2016,0.789003868
Finland,2015,0.574962124
Finland,2014,0.97285588
Finland,2013,0.831710293
Finland,2012,1.48859176
Finland,2011,1.349038573
Finland,2010,0.988454486
Finland,2009,1.249789098
Finland,2008,1.624134641
Finland,2007,1.778812783
Finland,2006,1.376381846
Finland,2005,1.306522984
Finland,2004,1.235650771
Finland,2003,1.132541569
Finland,2002,1.64211802
Finland,2001,1.793558935
Finland,2000,1.727695501
Finland,1999,1.19272364
Finland,1998,1.19805804
Finland,1997,1.374477355
Finland,1996,1.746223506
Finland,1995,1.856634735
Finland,1994,1.807372727
Finland,1993,1.534469351
Finland,1992,2.122182846
Finland,1991,1.473315922
Finland,1990,1.48029955
France,2021,0.683940904
France,2020,0.58251478
France,2019,0.784761625
France,2018,0.671825989
France,2017,0.775909923
France,2016,0.853496882
France,2015,1.159160054
Georgia,2020,1.203334138
Georgia,2019,0.951874479
Georgia,2018,1.102130418
Georgia,2017,1.052409492
Georgia,2016,1.704847735
Georgia,2014,1.679275023
Georgia,2010,1.376214878
Georgia,2009,1.617072567
Georgia,2008,2.08429823
Georgia,2007,2.163100675
Georgia,2006,2.145128425
Georgia,2005,3.404384895
Georgia,2004,1.595594568
Germany,2021,0.797546992
Germany,2020,0.845700679
Germany,2019,0.655199699
Germany,2018,0.873770703
Germany,2017,0.907493948
Germany,2016,1.123577215
Germany,2015,0.785343143
Germany,2014,0.81553105
Germany,2013,0.78989438
Germany,2012,0.713092111
Germany,2011,0.81440362
Germany,2010,0.946784313
Germany,2009,0.929398138
Germany,2008,0.882966199
Germany,2007,0.937618307
Germany,2006,1.06172809
Germany,2005,1.074932514
Germany,2004,1.097712034
Germany,2003,1.165765875
Germany,2002,1.133118634
Germany,2001,1.175038135
Germany,2000,1.300975751
Germany,1999,1.231542672
Germany,1998,1.441823313
Germany,1997,1.555097034
Germany,1996,1.599739814
Germany,1995,1.659259537
Germany,1994,1.631061396
Germany,1993,1.339238067
Germany,1992,1.133438592
Germany,1991,1.100894115
Germany,1990,0.92755943
Ghana,2021,0.577005352
Ghana,2020,0.468212248
Greece,2021,0.619313808
Greece,2020,0.354395294
Greece,2019,0.352382808
Greece,2018,0.534979052
Greece,2017,0.42210703
Greece,2016,0.474822839
Greece,2015,0.545334126
Greece,2014,0.488679203
Greece,2013,0.901606022
Greece,2012,0.700947051
Greece,2011,0.573766619
Greece,2010,0.608855699
Greece,2009,0.447446752
Greece,2008,0.590500881
Greece,2007,0.626087436
Greece,2006,0.393485983
Greece,2005,0.793889963
Greece,2004,0.531311563
Greece,2003,0.591495637
Greece,2002,0.4219243
Greece,2001,0.640428575
Greece,1999,0.734817002
Greece,1998,0.778987971
Greece,1997,0.712133393
Greece,1996,0.993760318
Greece,1995,0.805370194
Greece,1994,0.562999421
Greece,1993,0.741514805
Greece,1992,0.571361421
Greece,1991,0.79946406
Greece,1990,0.63441386
Grenada,2021,1.606335387
Grenada,2020,4.85857498
Grenada,2019,1.632906328
Grenada,2018,1.646158278
Grenada,2017,3.320108236
Grenada,2016,8.3740171
Grenada,2015,3.38066261
Grenada,2014,5.118929802
Grenada,2013,3.445454154
Grenada,2012,8.697769892
Grenada,2011,1.756404289
Grenada,2010,3.541264586
Grenada,2009,5.347498262
Grenada,2008,3.588377246
Grenada,2007,3.611738149
Grenada,2006,5.453058257
Grenada,2005,5.489076737
Guatemala,2021,6.129440168
Guatemala,2020,5.145793978
Guatemala,2019,8.165626708
Guatemala,2018,8.877627954
Guatemala,2017,9.513230352
Guatemala,2014,7.94526795
Guatemala,2013,8.40451901
Guatemala,2012,7.507885737
Guatemala,2011,8.446902065
Guatemala,2010,9.476145712
Guatemala,2009,10.01452872
Guatemala,2008,9.749267155
Guatemala,2007,8.547832621
Guatemala,2006,8.923703666
Guatemala,2005,7.831161962
Guatemala,2004,7.679707077
Guyana,2021,2.190146046
Guyana,2020,9.575192885
Guyana,2019,4.434240218
Guyana,2018,5.757571206
Guyana,2017,5.385029618
Guyana,2016,2.586131096
Guyana,2015,7.302887249
Guyana,2013,7.957348611
Guyana,2012,7.210286676
Guyana,2011,9.082652134
Guyana,2010,8.245832197
Guyana,2009,7.684653614
Guyana,2008,10.03719043
Guyana,2007,7.377244625
Guyana,2006,6.04897036
Guyana,2005,7.355790386
Haiti,2021,1.870221033
Haiti,2020,1.525939123
Haiti,2018,1.04529309
Haiti,2016,1.464393866
Haiti,2015,1.673690683
Haiti,2014,1.64115388
Haiti,2013,1.355867201
Honduras,2021,6.486304169
Honduras,2020,6.548497564
Honduras,2019,8.07788051
Honduras,2018,7.76214957
Honduras,2017,8.212459477
Honduras,2016,9.961175996
Honduras,2015,10.40616875
Honduras,2014,10.98364825
Honduras,2013,11.0522389
Honduras,2012,13.94587963
Honduras,2011,11.33488985
Honduras,2010,9.214474263
Honduras,2009,8.899518665
Honduras,2008,7.785728258
Honduras,2007,8.284573021
Honduras,2006,5.480150071
"Hong Kong SAR, China",2021,0.272413637
"Hong Kong SAR, China",2020,0.222840039
"Hong Kong SAR, China",2019,0.322241133
"Hong Kong SAR, China",2018,0.397498443
"Hong Kong SAR, China",2017,0.373755208
"Hong Kong SAR, China",2016,0.275067942
"Hong Kong SAR, China",2015,0.226476742
"Hong Kong SAR, China",2014,0.330176298
"Hong Kong SAR, China",2013,0.949484597
"Hong Kong SAR, China",2012,0.311424895
"Hong Kong SAR, China",2011,0.236144918
"Hong Kong SAR, China",2010,0.503306192
"Hong Kong SAR, China",2009,0.668345729
"Hong Kong SAR, China",2008,0.675047334
"Hong Kong SAR, China",2007,0.300231164
"Hong Kong SAR, China",2006,0.496138663
"Hong Kong SAR, China",2005,0.361143413
"Hong Kong SAR, China",2004,0.559904301
"Hong Kong SAR, China",2003,0.621467785
Hungary,2021,0.514291162
Hungary,2020,0.768008999
Hungary,2019,0.608654378
Hungary,2018,0.842750664
Hungary,2017,0.86018739
Hungary,2016,1.597554417
Hungary,2015,1.979923959
Hungary,2014,1.296465844
Hungary,2013,1.369458227
Hungary,2012,1.115103695
Hungary,2011,0.804294396
Hungary,2010,1.1634739
Hungary,2009,1.198799716
Hungary,2008,1.329791655
Hungary,2007,1.194676861
Hungary,2006,1.409232459
Hungary,2005,1.445374616
Hungary,2004,1.660009807
Hungary,2003,1.712647853
Hungary,2002,1.636075214
Hungary,2001,1.592625765
Hungary,2000,1.634591303
Hungary,1999,1.963327394
Hungary,1998,2.113000847
Hungary,1997,2.077136289
Hungary,1996,2.105033044
Hungary,1995,1.814318137
Hungary,1994,1.826785651
Hungary,1993,2.176696461
Hungary,1992,2.114909006
Hungary,1991,2.150132748
Hungary,1990,1.284693144
Iceland,2021,0.553978256
Iceland,2020,2.239873671
Iceland,2019,0
Iceland,2018,0.579302115
Iceland,2017,1.18198769
Iceland,2016,0.60090737
Iceland,2015,0
Iceland,2014,0.612482391
Iceland,2013,0
Iceland,2012,0.625205145
Iceland,2011,0.629035657
Iceland,2010,0
Iceland,2009,0
Iceland,2007,0
Iceland,2005,0
Iceland,1999,0.721240534
Iceland,1996,0
India,2021,2.497924627
India,2020,2.42577426
India,2019,2.577568999
India,2018,2.603814407
India,2017,2.647045091
India,2016,2.760501148
India,2015,2.672982545
India,2014,2.894424954
India,2013,2.87123059
India,2012,2.997005855
India,2011,3.083917592
India,2010,2.983235436
India,2009,3.022271309
India,2008,2.917289351
India,2007,2.924838594
India,2006,2.752378244
India,2005,2.740320787
India,2004,2.893442641
India,2003,2.684266849
India,2002,2.739472289
India,2001,2.875451756
India,2000,2.971337583
India,1999,2.919505926
"Iran, Islamic Rep.",2014,0.56903479
"Iran, Islamic Rep.",2013,0.756053242
Iraq,2013,3.038570569
Iraq,2012,2.999239858
Iraq,2011,3.016901335
Iraq,2010,3.068933221
Iraq,2009,6.25218531
Iraq,2008,4.271074668
Ireland,2021,0.278262861
Ireland,2020,0.240403638
Ireland,2019,0.323771288
Ireland,2018,0.409803483
Ireland,2017,0.622543289
Ireland,2016,0.083965136
Ireland,2015,0.296896939
Ireland,2013,0.338690892
Ireland,2012,0.550658764
Ireland,2011,0.065479723
Ireland,2010,0.317766815
Ireland,2009,0.430622818
Ireland,2008,0.446044508
Ireland,2007,0.511227121
Ireland,2006,0.767078968
Ireland,2005,0.397621606
Ireland,2004,0.246846353
Ireland,2003,0.412777183
Ireland,2002,0.5553171
Ireland,2001,0.404923244
Ireland,2000,0.410768866
Ireland,1999,0.329063796
Ireland,1998,0.350218036
Ireland,1997,0.621759284
Ireland,1996,0.980819057
Ireland,1995,0.353403607
Ireland,1994,0.279142085
Ireland,1993,0.336495078
Ireland,1992,0.301955038
Ireland,1991,0.434948818
Ireland,1990,0.132193401
Israel,2021,0.604986839
Israel,2020,0.523531906
Israel,2019,0.439780253
Israel,2018,0.612233172
Israel,2017,0.550867724
Israel,2016,0.560618045
Israel,2015,0.595596901
Israel,2014,0.580808814
Israel,2013,0.898840624
Israel,2012,0.626784213
Israel,2011,0.902997487
Israel,2010,0.864436268
Israel,2009,0.742010097
Israel,2008,0.810815156
Israel,2007,0.767924859
Israel,2006,1.070363374
Israel,2005,1.412305951
Israel,2004,0.928032015
Israel,2003,1.097247022
Israel,2002,1.148418504
Israel,2001,1.201476931
Israel,2000,1.25706596
Israel,1999,0.709388748
Israel,1994,1.082967798
Israel,1993,1.309369028
Italy,2021,0.391871821
Italy,2020,0.380170042
Italy,2019,0.36229905
Italy,2018,0.458783993
Italy,2017,0.428070711
Italy,2016,0.488165266
Italy,2015,0.438161932
Italy,2014,0.47284085
Italy,2013,0.575618042
Italy,2012,0.523565196
Italy,2011,0.536246983
Italy,2010,0.500415878
Italy,2009,0.563111466
Italy,2008,0.483679795
Italy,2007,0.494025162
Italy,2006,0.591924796
Italy,2005,0.453741288
Italy,2003,0.666590738
Italy,2002,0.620341838
Italy,2001,0.581684942
Italy,2000,0.648001887
Italy,1999,0.616652138
Italy,1998,0.661436858
Italy,1997,0.656549652
Italy,1996,0.736015738
Italy,1995,0.681317987
Italy,1994,0.530725473
Italy,1993,0.66723751
Italy,1992,0.735461069
Italy,1991,0.790031842
Italy,1990,0.707575876
Jamaica,2021,9.335016912
Jamaica,2020,7.953450495
Jamaica,2019,9.032429244
Jamaica,2018,9.111324493
Jamaica,2017,11.3167138
Jamaica,2016,9.568587815
Jamaica,2015,8.245567208
Jamaica,2014,7.1315104
Jamaica,2013,9.305261982
Jamaica,2012,9.130657188
Jamaica,2011,8.595769148
Jamaica,2010,10.51953823
Jamaica,2009,11.36385573
Jamaica,2008,12.06616206
Jamaica,2007,11.08220279
Jamaica,2006,11.20298707
Jamaica,2005,13.77478814
Japan,2021,0.209227998
Japan,2020,0.290538896
Japan,2019,0.280042677
Japan,2018,0.275998372
Japan,2017,0.26595749
Japan,2016,0.302130889
Japan,2015,0.333723581
Japan,2014,0.3148513
Japan,2013,0.29151878
Japan,2012,0.365879967
Japan,2011,0.356387828
Japan,2010,0.360783281
Japan,2009,0.385241428
Japan,2008,0.516563648
Japan,2007,0.430135517
Japan,2006,0.494834878
Japan,2005,0.487858196
Japan,2004,0.510073101
Japan,2003,0.488026249
Japan,2002,0.484460499
Japan,2001,0.485626294
Japan,2000,0.510075376
Japan,1999,0.523745217
Japan,1998,0.553006865
Japan,1997,0.485977595
Japan,1996,0.456122542
Japan,1995,0.532576945
Japan,1994,0.48230051
Japan,1993,0.50113718
Japan,1992,0.477378676
Japan,1991,0.472626725
Japan,1990,0.483814149
Jordan,2021,0.577483042
Jordan,2020,0.475470795
Jordan,2019,0.524977353
Jordan,2018,0.517485744
Jordan,2017,0.673063283
Jordan,2016,0.699496981
Jordan,2012,0.712828083
Jordan,2011,0.810236294
Jordan,2010,1.128590738
Jordan,2009,1.093603
Jordan,2008,0.932187551
Jordan,2007,0.923889505
Kazakhstan,2020,1.521424085
Kazakhstan,2017,2.317213409
Kazakhstan,2015,2.696843377
Kazakhstan,2014,2.220329379
Kazakhstan,2013,3.088118695
Kazakhstan,2012,3.084802391
Kazakhstan,2011,3.726207345
Kazakhstan,2010,3.948371598
Kazakhstan,2009,4.836818982
Kazakhstan,2008,4.271936157
Kenya,2021,2.641579939
Kenya,2020,1.713408109
Kenya,2019,1.542100692
Kenya,2018,1.736295804
Kenya,2017,1.75681488
Kenya,2016,2.648888692
Kenya,2015,2.591688695
Kenya,2014,2.265345727
"Korea, Rep.",2021,0.493347869
"Korea, Rep.",2020,0.531932537
"Korea, Rep.",2019,0.594379666
"Korea, Rep.",2018,0.596230857
"Korea, Rep.",2017,0.594643001
"Korea, Rep.",2016,0.753546608
"Korea, Rep.",2015,0.777801941
"Korea, Rep.",2014,0.763996525
"Korea, Rep.",2013,0.726294892
"Korea, Rep.",2012,0.881147789
"Korea, Rep.",2011,0.880648272
Kosovo,2020,0.955043705
Kosovo,2019,0.354785225
Kosovo,2018,1.050055565
Kosovo,2017,1.497875321
Kosovo,2016,0.911836781
Kosovo,2015,1.134495586
Kosovo,2014,1.347319256
Kosovo,2013,0.442247457
Kosovo,2012,1.212451213
Kosovo,2011,0.998746019
Kosovo,2010,2.231901234
Kosovo,2009,1.228440863
Kosovo,2008,2.867941982
Kuwait,2020,1.065476805
Kuwait,2019,0.234896452
Kuwait,2018,0.842690711
Kuwait,2017,1.42243068
Kuwait,2012,0.686605932
Kuwait,2011,0.811656868
Kuwait,2010,1.025466272
Kuwait,2009,1.004530853
Kuwait,2008,0.98007813
Kuwait,2007,1.142625897
Kuwait,2006,0.613245176
Kuwait,2005,1.747774319
Kuwait,2004,1.250589767
Kuwait,2003,0.580346002
Kyrgyz Republic,2020,0.545963946
Kyrgyz Republic,2019,0.925369276
Kyrgyz Republic,2018,0.910489467
Kyrgyz Republic,2017,0.991356966
Kyrgyz Republic,2009,4.856787787
Kyrgyz Republic,2008,3.276710273
Kyrgyz Republic,2007,3.744309509
Kyrgyz Republic,2006,3.442616419
Kyrgyz Republic,2005,4.14125913
Kyrgyz Republic,2004,3.501925469
Kyrgyz Republic,2003,3.715833602
Kyrgyz Republic,2002,3.134591005
Kyrgyz Republic,2001,2.711811414
Kyrgyz Republic,2000,3.05500005
Latvia,2021,3.578809867
Latvia,2020,4.117881213
Latvia,2019,4.0695545
Latvia,2018,4.118949515
Latvia,2017,3.977389488
Latvia,2016,3.184486679
Latvia,2015,2.727551799
Latvia,2014,3.351757525
Latvia,2013,2.174958166
Latvia,2012,3.313356184
Lebanon,2020,0.994977593
Lebanon,2019,0.808684462
Lebanon,2018,1.118725758
Lebanon,2017,1.127067706
Lebanon,2016,0.694583778
Lebanon,2015,0.744133899
Lebanon,2014,0.696862566
Lebanon,2013,0.734625213
Lebanon,2012,0.575198367
Lebanon,2011,1.140936996
Lebanon,2010,0.953164666
Liechtenstein,2021,5.079752108
Liechtenstein,2020,5.119410244
Liechtenstein,2018,5.202913632
Liechtenstein,2017,5.243013684
Liechtenstein,2016,0
Liechtenstein,2015,0
Liechtenstein,2014,0
Liechtenstein,2013,0
Liechtenstein,2012,0
Liechtenstein,2011,0
Liechtenstein,2010,0
Liechtenstein,2009,0
Lithuania,2021,1.487579053
Lithuania,2020,1.93453597
Lithuania,2019,1.450041458
Lithuania,2018,1.107576999
Lithuania,2017,1.67363909
Lithuania,2016,2.92538891
Lithuania,2015,3.078618492
Lithuania,2014,3.289426727
Lithuania,2013,3.677401205
Lithuania,2012,3.206967712
Lithuania,2011,3.942553413
Lithuania,2010,4.421110153
Lithuania,2009,3.72234126
Lithuania,2008,4.647565364
Lithuania,2007,4.073860217
Lithuania,2006,4.184085246
Lithuania,2005,5.501712133
Lithuania,2004,7.058187973
Lithuania,2003,5.55590183
Lithuania,2002,3.693424259
Lithuania,2001,4.67621664
Lithuania,2000,5.287283933
Lithuania,1999,4.712088801
Lithuania,1998,4.665889527
Lithuania,1997,5.843114455
Lithuania,1996,5.874852981
Lithuania,1995,7.653349557
Lithuania,1994,6.114386902
Lithuania,1993,4.98163663
Luxembourg,2020,0
Luxembourg,2019,0.324525706
Luxembourg,2014,0.720500027
Luxembourg,2013,0
Luxembourg,2012,0
Luxembourg,2011,0
Luxembourg,2010,1.962026931
Luxembourg,2009,0
Luxembourg,2007,1.239426146
Luxembourg,2006,0.838986002
Luxembourg,2004,0.43221936
Luxembourg,2001,1.787933239
Luxembourg,1996,0.952408164
"Macao SAR, China",2021,0.82344965
"Macao SAR, China",2020,0.55768094
"Macao SAR, China",2019,0
"Macao SAR, China",2018,0.290709083
"Macao SAR, China",2017,0.593786323
"Macao SAR, China",2016,0
"Macao SAR, China",2015,0.309458602
"Macao SAR, China",2014,0.315861457
"Macao SAR, China",2013,0.322396567
"Macao SAR, China",2012,0.329103801
"Macao SAR, China",2011,1.009438248
"Macao SAR, China",2010,0
"Macao SAR, China",2009,1.061792802
"Macao SAR, China",2008,1.089670829
"Macao SAR, China",1994,2.991019464
Maldives,2017,2.502333426
Maldives,2016,2.077560528
Malta,2021,0
Malta,2020,0.402500332
Malta,2019,1.229505677
Malta,2018,1.670582093
Malta,2017,0.425917053
Malta,2016,0.868670109
Malta,2015,0.885269122
Malta,2014,0.450595575
Malta,2013,0
Malta,2012,1.393262184
Malta,2011,1.410158784
Malta,2010,0.474485717
Malta,2009,1.432787919
Malta,2008,0.479784289
Malta,2007,0.481308389
Malta,2006,0
Malta,2005,0.967855112
Malta,2004,1.943148338
Mauritius,2021,1.82379413
Mauritius,2020,1.674389152
Mauritius,2019,0.91497517
Mauritius,2018,2.137590599
Mauritius,2017,1.986944248
Mauritius,2016,1.530251152
Mauritius,2015,0.919183826
Mauritius,2014,1.22720938
Mauritius,2013,1.690159889
Mauritius,2012,1.539574769
Mauritius,2011,1.234668885
Mauritius,2010,1.238169676
Mauritius,2009,2.484690039
Mauritius,2008,2.734520351
Mauritius,2007,1.922564239
Mauritius,2006,1.99966973
Mauritius,2005,2.083878393
Mauritius,2004,1.116190665
Mauritius,2003,1.761190938
Mauritius,2000,1.869244883
Mauritius,1999,1.619037671
Mauritius,1998,1.113028925
Mauritius,1997,0.812303693
Mauritius,1996,1.357429417
Mauritius,1995,0.865555063
Mauritius,1994,2.028041809
Mauritius,1993,1.044254734
Mauritius,1992,1.570066143
Mauritius,1991,0.802406778
Mauritius,1990,0.804501928
Mexico,2021,6.17125934
Mexico,2020,6.143374865
Mexico,2019,6.092514639
Mexico,2018,5.924644148
Mexico,2017,5.469391729
Mexico,2016,4.534932258
Mexico,2015,3.885846421
Mexico,2014,3.972907313
Mexico,2013,4.423446733
Mexico,2012,4.678260069
Mexico,2011,4.621715424
Mexico,2010,4.209170828
Mexico,2009,3.402789498
Mexico,2008,2.546588706
Mexico,2007,1.960933945
Mexico,2006,2.38166558
Mexico,2005,2.413151203
Mexico,2004,2.274653319
Mexico,2003,2.520657114
Mexico,2002,2.486666457
Mexico,2001,2.529854591
Mexico,2000,2.572002832
Mexico,1999,2.872417981
Mexico,1998,3.169960818
Mexico,1997,2.88654244
Mexico,1996,3.130892127
Mexico,1995,3.331693363
Mexico,1994,3.28674841
Mexico,1993,3.526327091
Mexico,1992,3.762936035
Mexico,1991,3.630867654
Mexico,1990,3.670033512
"Micronesia, Fed. Sts.",2019,1.808089392
Moldova,2020,1.605560178
Moldova,2019,1.838873041
Moldova,2018,2.488101867
Moldova,2017,2.158482371
Moldova,2016,2.838119013
Moldova,2015,2.734440452
Moldova,2014,0.970798385
Moldova,2013,3.849347689
Moldova,2012,3.423337216
Moldova,2011,4.610965671
Moldova,2010,5.282235815
Moldova,2009,3.605404247
Moldova,2008,4.542372221
Moldova,2007,3.336005408
Moldova,2006,3.664286729
Moldova,2005,4.748503806
Moldova,2004,4.334753787
Moldova,2003,4.979441442
Moldova,2002,5.795771938
Moldova,2001,5.435074898
Moldova,2000,5.373716678
Moldova,1999,4.333534992
Moldova,1998,3.948144377
Moldova,1997,4.587403787
Moldova,1996,4.81983243
Moldova,1995,3.984355298
Moldova,1994,4.376832342
Moldova,1993,4.748826564
Moldova,1992,5.298365859
Moldova,1991,4.068821899
Monaco,2015,0
Monaco,2013,0
Mongolia,2021,2.549930455
Mongolia,2020,2.412195336
Mongolia,2019,2.459517873
Mongolia,2018,2.827241413
Mongolia,2017,2.889372663
Mongolia,2016,2.55918694
Mongolia,2015,3.420277686
Mongolia,2014,3.69960952
Mongolia,2013,4.055727089
Mongolia,2012,4.063487356
Mongolia,2011,4.356066312
Mongolia,2010,4.940467368
Mongolia,2009,4.407771125
Mongolia,2008,3.704892462
Mongolia,2007,5.07699957
Montenegro,2021,0.621171063
Montenegro,2020,0.930428742
Montenegro,2019,1.547925316
Montenegro,2018,0.618209357
Montenegro,2017,1.234531704
Montenegro,2016,0.924711529
Montenegro,2015,0.923581341
Montenegro,2014,1.230706749
Montenegro,2013,0.307822067
Montenegro,2012,0.92440095
Montenegro,2011,0.925905922
Montenegro,2010,2.162496138
Montenegro,2009,2.062588765
Montenegro,2008,1.541632558
Montenegro,2007,0.923550065
Morocco,2021,0.537724307
Morocco,2020,0.461188376
Morocco,2019,0.649184156
Morocco,2018,0.392372481
Morocco,2017,0.640347515
Morocco,2016,0.601987349
Morocco,2015,0.562780288
Morocco,2014,0.346492482
Morocco,2013,0.392559557
Morocco,2012,0.337462325
Morocco,2009,0.331329075
Myanmar,2021,7.288431708
Myanmar,2020,0.969533437
Myanmar,2019,1.021907115
Myanmar,2018,1.006747346
Myanmar,2017,0.97997673
Myanmar,2016,0.960804684
Myanmar,2015,0.871805209
Myanmar,2014,0.804816019
Myanmar,2013,0.819616916
Myanmar,2012,0.957989269
Myanmar,2011,0.400975252
Myanmar,2010,0.610529083
Myanmar,2009,0.533799013
Namibia,2021,6.799163779
Namibia,2020,6.679935919
Namibia,2019,8.140577499
Namibia,2018,9.647686585
Netherlands,2021,0.420206409
Netherlands,2020,0.50155988
Netherlands,2019,0.480604216
Netherlands,2018,0.413629458
Netherlands,2017,0.49610457
Netherlands,2016,0.370808903
Netherlands,2015,0.48885552
Netherlands,2014,0.350832405
Netherlands,2013,0.658019778
Netherlands,2012,0.590194462
Netherlands,2011,0.592967453
Netherlands,2010,0.643503941
Netherlands,2009,0.598682802
Netherlands,2008,0.565278819
Netherlands,2007,0.56764759
Netherlands,2006,0.594179731
Netherlands,2005,0.693893928
Netherlands,2004,0.647827714
Netherlands,2003,0.896052618
Netherlands,2002,0.751966732
Netherlands,2001,0.842090038
Netherlands,2000,0.746766733
Netherlands,1999,0.738208957
Netherlands,1998,0.591319704
Netherlands,1997,0.79719186
Netherlands,1996,0.839935951
Netherlands,1995,0.960044669
Netherlands,1994,0.656879886
Netherlands,1993,0.712904855
Netherlands,1992,0.691510959
Netherlands,1991,0.775123374
Netherlands,1990,0.568810418
New Zealand,2019,1.316155247
New Zealand,2018,1.018353168
New Zealand,2017,0.53881309
New Zealand,2016,0.92606351
New Zealand,2015,0.684032982
New Zealand,2014,0.594064065
New Zealand,2013,0.527866049
New Zealand,2012,0.931712981
New Zealand,2011,0.669952411
New Zealand,2010,1.014268256
New Zealand,2009,1.137285872
New Zealand,2008,1.056838619
New Zealand,2007,0.881255464
New Zealand,2006,0.812586818
New Zealand,2005,1.268361898
New Zealand,2004,0.573822894
New Zealand,2003,0.69042474
New Zealand,2002,1.320661656
New Zealand,2001,1.068328536
New Zealand,2000,1.059790528
New Zealand,1999,0.543164555
New Zealand,1998,1.110681028
New Zealand,1997,1.243914398
New Zealand,1996,0.858990728
New Zealand,1995,0.604795221
Nicaragua,2021,3.107994164
Nicaragua,2019,1.568236871
Nicaragua,2018,1.890092331
Nicaragua,2017,1.764598593
Nicaragua,2016,1.481123086
Nicaragua,2015,2.065737398
Nicaragua,2013,2.093891715
Nicaragua,2012,2.095099688
Nicaragua,2011,1.831444156
Nicaragua,2010,2.625684003
Nicaragua,2009,3.227115286
Nicaragua,2008,2.010088217
North Macedonia,2019,0.377522677
North Macedonia,2018,0.849819036
North Macedonia,2017,0.378023419
North Macedonia,2016,0.567612593
North Macedonia,2015,0.189441569
North Macedonia,2014,0.948589755
North Macedonia,2013,0.66513622
North Macedonia,2012,1.046788097
North Macedonia,2011,0.381157298
North Macedonia,2010,1.431928278
North Macedonia,2009,1.148060591
North Macedonia,2008,0.862721791
North Macedonia,2007,1.056073165
North Macedonia,2006,0.865323876
North Macedonia,2005,0.896245841
North Macedonia,2004,1.181503538
North Macedonia,2003,1.640936634
North Macedonia,2002,0.843782596
North Macedonia,2000,1.14184093
North Macedonia,1999,0.858696889
North Macedonia,1998,0.964862909
Norway,2021,0.597580955
Norway,2020,0.562488645
Norway,2019,0.603262633
Norway,2018,0.341506598
Norway,2017,0.496482232
Norway,2016,0.423200221
Norway,2015,0.543023984
Norway,2014,0.508896589
Norway,2013,0.790903815
Norway,2012,0.359793047
Norway,2011,2.102305036
Norway,2010,0.613318706
Norway,2009,0.496261497
Norway,2008,0.418221667
Norway,2007,0.718318712
Norway,2006,0.894754502
Norway,2005,0.685171573
Norway,2004,0.518239325
Norway,2003,1.061380705
Norway,2002,0.669789634
Norway,2001,0.640055961
Norway,2000,0.958855482
Norway,1999,0.539470701
Norway,1998,0.552516866
Norway,1997,0.541131892
Norway,1996,0.908721334
Norway,1995,0.719994022
Norway,1994,0.708398779
Norway,1993,0.788736123
Norway,1992,0.587262547
Norway,1991,0.703213977
Norway,1990,0.536758645
Oman,2021,0.170580251
Oman,2020,0.232205242
Oman,2019,0.357554257
Oman,2018,0.122715272
Oman,2017,0.25301427
Oman,2016,0.326427435
Oman,2015,0.270750487
Oman,2014,0.423162803
Panama,2021,2.023226642
Panama,2020,2.143996391
Panama,2019,2.459756375
Panama,2018,1.682658735
Panama,2017,1.906944996
Panama,2016,2.188991017
Panama,2015,2.5073543
Panama,2014,1.970984146
Panama,2013,2.622016866
Panama,2012,1.820743009
Panama,2011,1.413225892
Panama,2010,1.71574196
Panama,2009,2.2545093
Panama,2008,1.77978747
Panama,2007,1.228353559
Panama,2006,1.132419471
Panama,2005,2.161634044
Panama,2004,1.671964317
Panama,2003,2.271094431
Panama,2002,2.526753372
Panama,2001,1.760853525
Panama,2000,1.939513719
Panama,1999,1.276392965
Panama,1998,2.819693676
Panama,1997,2.140539749
Panama,1996,1.62066873
Paraguay,2021,1.91700937
Paraguay,2020,2.094265945
Paraguay,2019,1.661747075
Paraguay,2018,1.96530948
Paraguay,2017,1.803184614
Paraguay,2016,1.765017734
Paraguay,2015,1.855921252
Paraguay,2014,2.279362651
Paraguay,2013,1.742514059
Paraguay,2012,2.480806459
Paraguay,2011,2.136147719
Paraguay,2010,2.548687347
Paraguay,2009,2.437669842
Paraguay,2008,2.106274395
Paraguay,2007,1.65892023
Peru,2020,2.136227845
Peru,2019,2.856853203
Peru,2018,3.269301307
Peru,2017,3.205887892
Peru,2016,3.183762708
Peru,2015,2.581278324
Peru,2014,2.233505999
Peru,2013,2.040420263
Peru,2012,2.095547139
Peru,2011,1.867838743
Philippines,2019,0.79639989
Philippines,2018,0.919680902
Philippines,2017,1.299961386
Philippines,2016,1.817357135
Philippines,2012,2.242890111
Philippines,2011,2.139117611
Philippines,2010,2.591436772
Philippines,2009,3.425447676
Philippines,2008,2.654366524
Philippines,2007,2.152361834
Poland,2021,0.39932507
Poland,2020,0.448630328
Poland,2019,0.402662384
Poland,2018,0.417476176
Poland,2017,0.472678468
Poland,2016,0.357060543
Poland,2015,0.56301261
Poland,2014,0.463242418
Poland,2013,0.42978227
Poland,2012,0.555839352
Poland,2011,0.66141882
Poland,2010,0.594042045
Poland,2009,0.564254954
Poland,2008,0.44585168
Poland,2007,0.582651102
Poland,2006,0.705797145
Poland,2005,0.726242897
Poland,2004,0.774640818
Poland,2003,1.03253717
Poland,2002,1.027790662
Poland,2001,1.099521693
Poland,2000,1.154502304
Poland,1999,0.92982585
Poland,1996,1.331819974
Poland,1995,1.203742485
Poland,1994,1.260218256
Poland,1993,1.258443855
Poland,1992,1.10484576
Poland,1991,1.369121674
Poland,1990,1.113148934
Portugal,2020,0.619201582
Portugal,2019,0.603972067
Portugal,2018,0.503704195
Portugal,2017,0.441025123
Portugal,2016,0.336336811
Portugal,2015,0.582235179
Portugal,2014,0.880409422
Portugal,2013,0.947344944
Portugal,2012,0.750794845
Portugal,2011,0.709292471
Portugal,2010,0.753910236
Portugal,2009,0.686066356
Portugal,2008,0.654300588
Portugal,2007,0.940737484
Portugal,2006,0.771863603
Portugal,2005,0.601618587
Portugal,2004,0.720996387
Portugal,2003,0.613589479
Portugal,2002,0.690089663
Portugal,2001,0.467158055
Portugal,2000,0.672722584
Portugal,1999,0.627330965
Portugal,1998,0.596954437
Portugal,1997,0.538410911
Portugal,1996,0.510544616
Portugal,1995,0.668645372
Portugal,1994,0.77335552
Puerto Rico,2020,2.842684945
Puerto Rico,2019,2.367026512
Puerto Rico,2018,2.868438769
Puerto Rico,2017,2.096087483
Puerto Rico,2016,3.115211941
Puerto Rico,2015,2.022620551
Puerto Rico,2014,2.795358522
Puerto Rico,2013,2.808171674
Puerto Rico,2012,4.349375367
Puerto Rico,2011,4.260860257
Puerto Rico,2010,3.304264411
Puerto Rico,2009,2.876739175
Puerto Rico,2008,3.273149993
Puerto Rico,2007,2.546426447
Puerto Rico,2006,2.283181476
Puerto Rico,2005,3.337949144
Puerto Rico,2004,3.430307625
Puerto Rico,2003,2.970847925
Puerto Rico,2002,3.169245242
Puerto Rico,2001,3.471147969
Puerto Rico,2000,3.728889572
Puerto Rico,1999,2.848851023
Puerto Rico,1998,3.018467005
Puerto Rico,1997,3.010520791
Puerto Rico,1996,3.969794509
Puerto Rico,1995,4.076497558
Puerto Rico,1994,4.428450333
Puerto Rico,1993,5.283584919
Puerto Rico,1992,4.082967513
Puerto Rico,1991,5.896245429
Puerto Rico,1990,4.110991941
Qatar,2021,0.544543302
Qatar,2020,0.264902943
Qatar,2019,0
Qatar,2018,0
Qatar,2017,0.14701245
Qatar,2016,0.781694589
Qatar,2015,0.167394414
Qatar,2014,0.355471506
Qatar,2013,0.189322047
Qatar,2012,0.203888978
Qatar,2011,0
Qatar,2010,0
Qatar,2009,0.530910964
Qatar,2008,0.293789726
Qatar,2007,0.966082455
Qatar,2006,0.347870251
Qatar,2005,1.48515311
Qatar,2004,0.391792726
Qatar,2001,0.450380459
Romania,2021,0.761249934
Romania,2020,0.956538002
Romania,2019,0.704832101
Romania,2018,0.810816369
Romania,2017,0.876085959
Romania,2016,0.891293488
Romania,2015,0.925260883
Romania,2014,1.037370698
Romania,2013,0.560345219
Romania,2012,0.799102848
Romania,2011,0.661602309
Romania,2010,0.858149344
Romania,2009,0.833849594
Romania,2008,0.951055886
Romania,2007,1.149983192
Romania,2006,1.020119161
Romania,2005,1.433728584
Romania,2004,1.401744088
Romania,2003,2.146288596
Romania,2002,2.173697774
Romania,2001,1.573576643
Romania,2000,1.238765339
Romania,1999,1.434144126
Romania,1998,1.448229584
Romania,1997,1.931462028
Romania,1996,1.908333873
Romania,1995,1.811221674
Romania,1994,1.917142406
Romania,1993,1.721666495
Romania,1992,1.831338583
Romania,1991,1.579417888
Romania,1990,1.662524245
Russian Federation,2021,3.3045899
Russian Federation,2020,3.543481743
Russian Federation,2019,3.742704265
Russian Federation,2018,4.06677759
Russian Federation,2017,4.46986841
Russian Federation,2016,5.340077377
Russian Federation,2015,5.520759389
Russian Federation,2014,5.414480274
Russian Federation,2013,5.204013372
Russian Federation,2012,5.495288691
Russian Federation,2011,5.266060298
Russian Federation,2010,5.65917324
Russian Federation,2009,6.001624609
Russian Federation,2008,5.840353451
Russian Federation,2007,8.054884967
Russian Federation,2006,9.371935793
Russian Federation,2005,11.47319068
Russian Federation,2004,12.47226107
Russian Federation,2003,13.29695726
Russian Federation,2002,13.78389059
Russian Federation,2001,13.78855168
Russian Federation,2000,13.20782497
Russian Federation,1999,12.57562712
Russian Federation,1998,10.70976375
Russian Federation,1997,11.02904276
Russian Federation,1996,12.22321107
Russian Federation,1995,13.64190028
Russian Federation,1994,14.28603152
Russian Federation,1993,13.42760521
Russian Federation,1992,9.848150895
Russian Federation,1991,6.734119847
Russian Federation,1990,6.49294754
Samoa,2018,0.974635121
Samoa,2017,0.985119766
San Marino,2011,0
San Marino,2010,0
San Marino,2009,0
San Marino,2008,0
San Marino,2007,0
San Marino,2006,0
San Marino,2005,0
San Marino,2004,0
San Marino,2003,0
San Marino,2002,7.001575354
San Marino,2001,0
San Marino,2000,0
San Marino,1999,0
San Marino,1998,0
San Marino,1997,0
San Marino,1996,0
San Marino,1995,0
Sao Tome and Principe,2011,0
Sao Tome and Principe,2010,0
Sao Tome and Principe,2009,0
Sao Tome and Principe,2008,0
Sao Tome and Principe,2007,0
Sao Tome and Principe,2006,0
Saudi Arabia,2017,0.297322757
Serbia,2021,0.710590269
Serbia,2020,0.574307043
Serbia,2019,0.726877759
Serbia,2018,0.723739375
Serbia,2017,0.643529466
Serbia,2016,0.97457463
Serbia,2015,0.766885672
Serbia,2014,0.943001666
Serbia,2013,1.194678141
Serbia,2012,0.988490423
Serbia,2011,1.01030256
Serbia,2010,1.081904035
Serbia,2009,0.952323192
Serbia,2008,0.948504209
Serbia,2007,1.367252974
Serbia,2006,1.262520146
Serbia,2005,1.109291599
Serbia,2004,1.254800964
Serbia,2003,1.646098301
Serbia,2002,1.370788712
Serbia,2001,1.849829842
Serbia,2000,1.457483822
Seychelles,2014,5.254476773
Seychelles,2013,14.12347645
Seychelles,2012,0.969968561
Seychelles,2011,11.15950124
Seychelles,2010,2.87214182
Seychelles,2009,6.327469125
Seychelles,2008,2.74514738
Seychelles,2007,3.367198228
Seychelles,2006,6.020318575
Seychelles,2004,4.353153969
Singapore,2021,0.070582464
Singapore,2020,0.177313956
Singapore,2019,0.250014956
Singapore,2018,0.252221077
Singapore,2017,0.181703543
Singapore,2016,0.256692524
Singapore,2015,0.111183648
Singapore,2014,0.262956278
Singapore,2013,0.228988231
Singapore,2012,0.23289846
Singapore,2011,0.23705839
Singapore,2010,0.1209674
Singapore,2009,0.289525265
Singapore,2008,0.468292849
Singapore,2007,0.219409538
Singapore,2006,0.226448968
Slovak Republic,2021,0.645685013
Slovak Republic,2020,1.002861917
Slovak Republic,2019,0.537468352
Slovak Republic,2018,0.932554602
Slovak Republic,2017,0.682138893
Slovak Republic,2016,0.718827678
Slovak Republic,2015,0.503566238
Slovak Republic,2014,0.683765236
Slovak Republic,2013,0.828250695
Slovak Republic,2012,0.648646311
Slovak Republic,2011,1.118008905
Slovak Republic,2010,1.118891215
Slovak Republic,2009,1.1561623
Slovak Republic,2008,0.868029026
Slovak Republic,2007,1.013135666
Slovak Republic,2006,0.54277246
Slovak Republic,2005,1.157933436
Slovak Republic,2004,1.302732862
Slovak Republic,2003,1.700723042
Slovak Republic,2002,1.772743347
Slovak Republic,2001,1.193542501
Slovak Republic,2000,1.229899953
Slovenia,2021,0.569131988
Slovenia,2020,0.568912353
Slovenia,2019,0.663614357
Slovenia,2018,0.474460953
Slovenia,2017,0.855097139
Slovenia,2016,0.190338512
Slovenia,2015,1.048992729
Slovenia,2014,0.572972049
Slovenia,2013,0.286701221
Slovenia,2012,0.573967421
Slovenia,2011,0.670549789
Slovenia,2010,0.768509553
Slovenia,2009,0.675033547
Slovenia,2008,0.484026403
Slovenia,2007,0.777294829
Slovenia,2006,0.292412908
Slovenia,2005,0.977346095
Slovenia,2004,0.685797141
South Africa,2019,9.019680692
South Africa,2018,9.387719295
South Africa,2017,10.04252134
South Africa,2016,9.098710964
South Africa,2011,8.833302431
South Africa,2010,10.2090671
South Africa,2009,9.770240805
South Africa,2008,9.683830792
South Africa,2007,10.29481332
South Africa,2006,10.57173504
Spain,2021,0.400574639
Spain,2020,0.492731792
Spain,2019,0.524378742
Spain,2018,0.490590207
Spain,2017,0.476196085
Spain,2016,0.477661686
Spain,2015,0.512277991
Spain,2014,0.541930703
Spain,2013,0.511350124
Spain,2012,0.527314946
Spain,2011,0.540968701
Spain,2010,0.662122244
Spain,2009,0.581531067
Spain,2008,0.546916635
Spain,2007,0.730094363
Spain,2006,0.708923268
Spain,2005,0.583066343
Spain,2004,0.859425521
Spain,2003,0.796219768
Spain,2002,0.634640381
Spain,2001,0.634085959
Sri Lanka,2019,2.221467954
Sri Lanka,2018,0.922379153
Sri Lanka,2017,0.782260947
Sri Lanka,2016,1.174152991
Sri Lanka,2015,1.00746198
Sri Lanka,2014,1.140616112
Sri Lanka,2013,1.340211187
Sri Lanka,2012,1.579731983
Sri Lanka,2011,1.724372561
Sri Lanka,2010,1.583593967
Sri Lanka,2009,1.935344525
Sri Lanka,2008,3.367584271
St. Kitts and Nevis,2021,4.066445723
St. Kitts and Nevis,2020,0
St. Kitts and Nevis,2019,8.142659393
St. Kitts and Nevis,2018,16.29659809
St. Kitts and Nevis,2017,12.23740567
St. Kitts and Nevis,2016,8.172605427
St. Kitts and Nevis,2011,4.132231405
St. Kitts and Nevis,2010,8.301166314
St. Kitts and Nevis,2009,12.49765669
St. Kitts and Nevis,2004,0
St. Kitts and Nevis,2003,0
St. Kitts and Nevis,2002,0
St. Kitts and Nevis,2001,8.646779075
St. Kitts and Nevis,1999,0
St. Kitts and Nevis,1997,13.60852801
St. Lucia,2021,8.819168463
St. Lucia,2020,5.530300517
St. Lucia,2019,0
St. Lucia,2018,4.465631384
St. Lucia,2017,4.487726069
St. Lucia,2016,2.255223662
St. Lucia,2015,5.667520573
St. Lucia,2014,0
St. Lucia,2013,5.72839393
St. Lucia,2012,7.284787076
St. Lucia,2011,8.47949043
St. Lucia,2010,6.417361881
St. Lucia,2009,7.157749457
St. Lucia,2004,4.703390827
St. Lucia,2003,2.573536114
St. Lucia,2002,8.11311485
St. Lucia,2000,3.054811283
St. Lucia,1999,2.498500899
St. Lucia,1998,2.52000252
St. Lucia,1997,6.354128277
St. Lucia,1996,1.282593918
St. Lucia,1995,3.887344749
St. Lucia,1994,3.932002569
St. Lucia,1993,0
St. Lucia,1992,4.040512876
St. Lucia,1991,4.098976622
St. Lucia,1990,6.921564827
St. Vincent and the Grenadines,2021,0
St. Vincent and the Grenadines,2020,9.765911111
St. Vincent and the Grenadines,2019,0
St. Vincent and the Grenadines,2018,13.61218874
St. Vincent and the Grenadines,2017,9.704498035
St. Vincent and the Grenadines,2016,7.73634535
St. Vincent and the Grenadines,2010,5.624191522
St. Vincent and the Grenadines,2009,6.434166356
St. Vincent and the Grenadines,2008,5.568807254
St. Vincent and the Grenadines,2007,16.41742956
St. Vincent and the Grenadines,2006,11.29892434
St. Vincent and the Grenadines,2005,12.77442196
St. Vincent and the Grenadines,2004,11.27543291
Suriname,2021,2.2757012
Suriname,2020,3.285048594
Suriname,2019,2.326632631
Suriname,2018,2.353938139
Suriname,2017,3.741191195
Suriname,2016,5.50404117
Suriname,2015,3.826319863
Suriname,2014,2.109663843
Suriname,2013,1.066306492
Suriname,2008,3.769111752
Suriname,2007,5.568054463
Sweden,2021,0.462019762
Sweden,2020,0.485444198
Sweden,2019,0.489758609
Sweden,2018,0.652523129
Sweden,2017,0.538817834
Sweden,2016,0.584169804
Sweden,2015,0.589673296
Sweden,2014,0.513082053
Sweden,2013,0.538469616
Sweden,2012,0.438664975
Sweden,2011,0.526557951
Sweden,2010,0.573315355
Sweden,2009,0.823414682
Sweden,2008,0.597178523
Sweden,2007,0.690678306
Sweden,2006,0.778514256
Sweden,2005,0.671264324
Sweden,2004,0.895188428
Sweden,2003,0.595846387
Sweden,2002,0.804839063
Sweden,2001,0.652544779
Sweden,2000,0.823258295
Sweden,1999,0.641843399
Switzerland,2021,0.571113056
Switzerland,2020,0.620317678
Switzerland,2019,0.601521433
Switzerland,2018,0.652297561
Switzerland,2017,0.469293042
Switzerland,2016,0.591640568
Switzerland,2015,0.716974625
Switzerland,2014,0.579700973
Switzerland,2013,0.781755488
Switzerland,2012,0.419680912
Switzerland,2011,0.573336321
Switzerland,2010,0.654892538
Switzerland,2009,0.687284873
Switzerland,2008,0.646652711
Switzerland,2007,0.67858883
Switzerland,2006,0.98839302
Switzerland,2005,0.989334447
Switzerland,2004,1.019420336
Switzerland,2003,1.05261612
Switzerland,2002,1.32566737
Switzerland,2001,0.993685994
Switzerland,2000,1.054803385
Switzerland,1999,1.029463676
Switzerland,1998,0.814688999
Switzerland,1997,1.079722251
Switzerland,1996,0.864270887
Switzerland,1995,1.105329368
Switzerland,1994,1.142410525
Switzerland,1993,1.226552838
Switzerland,1992,1.204734003
Switzerland,1991,1.243069958
Switzerland,1990,1.488473857
Tajikistan,2020,0.210894048
Tajikistan,2011,0.436703153
Tajikistan,2010,0.602601325
Tajikistan,2009,0.647295493
Tajikistan,2008,1.032387911
Tajikistan,2007,0.911918232
Tajikistan,2006,1.123933949
Tanzania,2020,1.700339146
Tanzania,2019,1.606776015
Tanzania,2018,1.84964111
Tanzania,2017,1.880429488
Tanzania,2016,2.312551147
Tanzania,2015,2.514777409
Tanzania,2013,1.972564778
Tanzania,2012,2.143798868
Tanzania,2011,2.359708448
Tanzania,2010,2.398137632
Thailand,2014,1.129455374
Thailand,2013,1.065030468
Thailand,2012,1.346201595
Thailand,2011,1.271852289
Thailand,2010,1.315237941
Thailand,2009,1.424575829
Thailand,2008,1.536473255
Thailand,2007,1.754431098
Thailand,2006,1.722085897
Thailand,2005,1.858673439
Thailand,2004,1.51814524
Thailand,2003,2.895656566
Thailand,2002,2.139883676
Thailand,2000,2.818540423
Thailand,1999,2.571964472
Thailand,1998,2.59308858
Thailand,1997,2.469015418
Thailand,1996,2.433279946
Thailand,1995,2.378401468
Tonga,2019,1.888342319
Tonga,2012,1.866368048
Tonga,2011,0
Tonga,2010,0
Tonga,2009,5.650462396
Tonga,2008,1.891682273
Tonga,2007,0
Tonga,2006,0
Tonga,2005,0
Tonga,2004,0
Tonga,2003,0
Tonga,2002,1.957234428
Tonga,2001,1.969182297
Tonga,2000,0
Trinidad and Tobago,2020,7.022357757
Trinidad and Tobago,2019,8.332704041
Trinidad and Tobago,2018,6.174428931
Trinidad and Tobago,2017,6.92813723
Trinidad and Tobago,2015,3.915868246
Trinidad and Tobago,2014,6.118885873
Trinidad and Tobago,2013,5.34109024
Trinidad and Tobago,2012,6.208729197
Trinidad and Tobago,2011,4.170211346
Trinidad and Tobago,2010,7.404814716
Trinidad and Tobago,2009,5.63907257
Trinidad and Tobago,2008,8.087268724
Trinidad and Tobago,2007,4.282028682
Trinidad and Tobago,2006,4.881841488
Trinidad and Tobago,2005,5.633517988
Trinidad and Tobago,2004,3.779047796
Tunisia,2020,1.870254889
Tunisia,2019,1.692244893
Turkiye,2021,1.026354756
Turkiye,2020,0.908170939
Turkiye,2019,1.081347788
Turkiye,2018,0.966767301
Turkiye,2017,1.036526142
Turkiye,2016,1.092532728
Turkiye,2015,1.038473725
Turkiye,2012,1.616739777
Turkiye,2011,1.703334231
Turkiye,2010,1.740077227
Turkiye,2008,1.605984201
Turkiye,2007,1.753970776
Turkiye,2006,1.59052947
Turkiye,2005,1.77878465
Turkiye,2004,1.79610653
Turkiye,2003,1.768721562
Turkmenistan,2015,0.446245369
Turkmenistan,2014,0.628944772
Turkmenistan,2013,0.960530896
Turkmenistan,2012,1.050360246
Turkmenistan,2011,0.663546034
Turkmenistan,2010,1.124928356
Turks and Caicos Islands,2014,0
Turks and Caicos Islands,2013,6.033182504
Turks and Caicos Islands,2009,0
Turks and Caicos Islands,2008,7.427764986
Turks and Caicos Islands,2007,7.760058976
Turks and Caicos Islands,2002,0
Turks and Caicos Islands,1997,24.87871626
Turks and Caicos Islands,1996,0
Turks and Caicos Islands,1995,13.63047775
Turks and Caicos Islands,1994,14.31229426
Turks and Caicos Islands,1993,0
Turks and Caicos Islands,1992,0
Uganda,2017,4.107620545
Uganda,2016,4.64391637
Uganda,2014,4.567709211
Uganda,2013,4.422365664
Uganda,2012,4.261776241
Uganda,2011,4.396480792
Uganda,2010,3.652999062
Uganda,2008,2.481844262
Ukraine,2017,1.923228233
Ukraine,2010,2.45054122
Ukraine,2009,2.851628607
Ukraine,2008,2.975944137
Ukraine,2006,3.619862833
Ukraine,2005,3.796178257
Ukraine,2004,4.364649977
Ukraine,2003,4.944549106
Ukraine,2002,5.100015828
Ukraine,2001,5.711779131
Ukraine,2000,4.986759081
Ukraine,1999,4.717076409
Ukraine,1998,4.471461799
Ukraine,1997,4.409309259
Ukraine,1996,4.934257987
Ukraine,1995,4.167091993
Ukraine,1994,4.073270906
Ukraine,1993,3.60702903
Ukraine,1992,3.238668077
Ukraine,1991,2.767830236
Ukraine,1990,2.806085577
United Arab Emirates,2021,0.35049503
United Arab Emirates,2020,0.497880363
United Arab Emirates,2019,0.75871328
United Arab Emirates,2015,0.380631637
United Arab Emirates,2014,0.646287254
United Arab Emirates,2013,0.738671273
United Arab Emirates,2012,0.700952457
United Arab Emirates,2011,0.629069259
United Arab Emirates,2010,0.777986135
United Kingdom,2020,0.571645856
United Kingdom,2019,0.600474499
United Kingdom,2018,0.775672716
United Kingdom,2017,0.746706059
United Kingdom,2016,0.609741647
United Kingdom,2015,0.596167587
United Kingdom,2014,0.630478652
United Kingdom,2013,0.68978262
United Kingdom,2012,0.729871539
United Kingdom,2011,0.603425917
United Kingdom,2010,0.884825525
United Kingdom,2009,0.709988779
United Kingdom,2008,0.932634285
United Kingdom,2007,1.080829609
United Kingdom,2006,1.047163729
United Kingdom,2005,0.97669262
United States,2021,2.924919151
United States,2020,2.567049073
United States,2019,2.127311829
United States,2018,2.204292252
United States,2017,2.218577573
United States,2016,2.248360489
United States,2015,2.03132886
United States,2014,1.954113553
United States,2013,1.959882504
United States,2012,2.057081552
United States,2011,2.048903257
United States,2010,2.096764252
United States,2009,2.254966414
United States,2008,2.311380406
United States,2007,2.39458834
United States,2006,2.402676929
United States,2005,2.363192946
United States,2004,2.38103252
United States,2003,2.500646891
United States,2002,2.569719385
United States,2001,3.078112333
United States,2000,2.587310097
United States,1999,2.670366395
United States,1998,2.953543453
United States,1997,2.996242269
United States,1996,3.286565594
United States,1995,3.722108326
United States,1994,3.754142934
United States,1993,4.222026219
United States,1992,4.018022698
United States,1991,4.234901484
United States,1990,4.071915832
Uruguay,2021,2.264021083
Uruguay,2020,2.148202209
Uruguay,2019,2.712996355
Uruguay,2018,3.221753278
Uruguay,2017,3.111657003
Uruguay,2016,2.380887595
Uruguay,2015,2.842222812
Uruguay,2014,2.90750624
Uruguay,2013,3.087139662
Uruguay,2012,2.178340758
Uruguay,2011,2.356426118
Uruguay,2010,2.36229546
Uruguay,2009,2.598934956
Uruguay,2008,2.546963253
Uruguay,2007,1.85633854
Uruguay,2006,2.499201563
Uzbekistan,2021,1.051113753
Uzbekistan,2020,0.960900511
Uzbekistan,2019,0.8372958
Uzbekistan,2018,1.085266088
Uzbekistan,2017,1.284063142
Uzbekistan,2016,1.641248989
Uzbekistan,2015,1.396213173
Vanuatu,2020,0.645567373
Vanuatu,2019,0.661132984
"Venezuela, RB",2017,5.123649162
"Venezuela, RB",2016,5.214305194
"Venezuela, RB",2015,4.764968887
"Venezuela, RB",2012,6.362091188
"Venezuela, RB",2011,5.515718122
"Venezuela, RB",2010,5.4827245
"Venezuela, RB",2009,5.367174493
"Venezuela, RB",2008,5.255918728
"Venezuela, RB",2007,4.880611766
"Venezuela, RB",2006,4.941526337
"Venezuela, RB",2005,4.174766257
"Venezuela, RB",2004,4.567039986
"Venezuela, RB",2003,5.35825143
"Venezuela, RB",2002,6.682477931
"Venezuela, RB",2001,3.895733747
"Venezuela, RB",2000,4.268153353
"Venezuela, RB",1999,3.529911142
"Venezuela, RB",1998,3.19710139
"Venezuela, RB",1997,3.082074561
"Venezuela, RB",1996,3.164484351
"Venezuela, RB",1994,3.04815682
"Venezuela, RB",1993,2.918299138
"Venezuela, RB",1992,2.245950772
"Venezuela, RB",1990,1.898569123
Virgin Islands (U.S.),2012,3.652801242
Virgin Islands (U.S.),2011,5.446474769
Virgin Islands (U.S.),2010,12.63435281
Virgin Islands (U.S.),2009,3.60107312
Virgin Islands (U.S.),2008,3.60301933
Virgin Islands (U.S.),2007,5.404139571
Virgin Islands (U.S.),2006,7.203962179
Virgin Islands (U.S.),2005,5.402777027
Virgin Islands (U.S.),2004,1.79554167
Virgin Islands (U.S.),2003,5.355564878
Virgin Islands (U.S.),2002,8.883834974
Virgin Islands (U.S.),2001,3.542330854
Virgin Islands (U.S.),2000,5.30827826
Virgin Islands (U.S.),1999,7.114209745
Virgin Islands (U.S.),1998,3.595796514
Virgin Islands (U.S.),1997,10.91881858
West Bank and Gaza,2021,0.34979066
West Bank and Gaza,2020,0.55626623
West Bank and Gaza,2019,0.284210637
West Bank and Gaza,2018,0.124386464
West Bank and Gaza,2017,0.211816479
West Bank and Gaza,2015,0.31081211
West Bank and Gaza,2012,0.190569479
West Bank and Gaza,2011,0.152720712
West Bank and Gaza,2010,0.479741899
Zimbabwe,2021,1.869859329
Zimbabwe,2020,1.762338619
Zimbabwe,2019,2.055987368
Zimbabwe,2018,2.046149714
Zimbabwe,1990,3.487142021